{
  "micro_f1": 0.6550868486352357,
  "macro_f1": 0.5230039888280784,
  "jaccard": 0.6000000000000001,
  "hamming_loss": 0.08808618504435994,
  "exact_match": 0.41064638783269963,
  "none_precision": 0.75,
  "none_recall": 0.15789473684210525,
  "none_f1": 0.2608695652173913,
  "num_samples": 263,
  "num_labels": 12,
  "class_f1_scores": {
    "客观标准|个人在当地的出生和成长经历": {
      "precision": 0.6764705882352942,
      "recall": 0.5897435897435898,
      "f1": 0.6301369863013698
    },
    "客观标准|个人在当地的当前居住状态": {
      "precision": 0.2222222222222222,
      "recall": 0.3076923076923077,
      "f1": 0.25806451612903225
    },
    "客观标准|个人或家族在当地的资产与权益": {
      "precision": 0.9047619047619048,
      "recall": 0.7916666666666666,
      "f1": 0.8444444444444444
    },
    "客观标准|个人的法律与行政认定": {
      "precision": 0.82,
      "recall": 0.6833333333333333,
      "f1": 0.7454545454545455
    },
    "客观标准|城市内部地理片区归属": {
      "precision": 0.3783783783783784,
      "recall": 0.9333333333333333,
      "f1": 0.5384615384615384
    },
    "客观标准|家族在当地的历史传承": {
      "precision": 0.8888888888888888,
      "recall": 0.7578947368421053,
      "f1": 0.8181818181818182
    },
    "未提及任何标准": {
      "precision": 0.75,
      "recall": 0.15789473684210525,
      "f1": 0.2608695652173913
    },
    "社会文化与心理标准|个人的归属感": {
      "precision": 0.3225806451612903,
      "recall": 0.5555555555555556,
      "f1": 0.40816326530612246
    },
    "社会文化与心理标准|个人的文化实践与知识": {
      "precision": 0.6538461538461539,
      "recall": 0.5151515151515151,
      "f1": 0.576271186440678
    },
    "社会文化与心理标准|个人的语言能力": {
      "precision": 0.8888888888888888,
      "recall": 0.9032258064516129,
      "f1": 0.896
    },
    "社会文化与心理标准|个人被社群接纳": {
      "precision": 0.125,
      "recall": 0.14285714285714285,
      "f1": 0.13333333333333333
    },
    "社会文化与心理标准|个人认定": {
      "precision": 0.11428571428571428,
      "recall": 0.3076923076923077,
      "f1": 0.16666666666666666
    }
  },
  "tone_classes": [
    "中性",
    "宽容开放",
    "紧缩排斥"
  ],
  "tone_accuracy": 0.19391634980988592,
  "tone_macro_f1": 0.10828025477707005,
  "tone_micro_f1": 0.19391634980988592,
  "tone_macro_precision": 0.06463878326996197,
  "tone_micro_precision": 0.19391634980988592,
  "tone_macro_recall": 0.3333333333333333,
  "tone_micro_recall": 0.19391634980988592,
  "tone_num_samples": 263
}