{
  "gemma_labels_phrase.jsonl": {
    "micro_f1": 0.6550868486352357,
    "macro_f1": 0.5230039888280784,
    "jaccard": 0.6000000000000001,
    "hamming_loss": 0.08808618504435994,
    "exact_match": 0.41064638783269963,
    "none_precision": 0.75,
    "none_recall": 0.15789473684210525,
    "none_f1": 0.2608695652173913,
    "num_samples": 263,
    "num_labels": 12,
    "class_f1_scores": {
      "客观标准|个人在当地的出生和成长经历": {
        "precision": 0.6764705882352942,
        "recall": 0.5897435897435898,
        "f1": 0.6301369863013698
      },
      "客观标准|个人在当地的当前居住状态": {
        "precision": 0.2222222222222222,
        "recall": 0.3076923076923077,
        "f1": 0.25806451612903225
      },
      "客观标准|个人或家族在当地的资产与权益": {
        "precision": 0.9047619047619048,
        "recall": 0.7916666666666666,
        "f1": 0.8444444444444444
      },
      "客观标准|个人的法律与行政认定": {
        "precision": 0.82,
        "recall": 0.6833333333333333,
        "f1": 0.7454545454545455
      },
      "客观标准|城市内部地理片区归属": {
        "precision": 0.3783783783783784,
        "recall": 0.9333333333333333,
        "f1": 0.5384615384615384
      },
      "客观标准|家族在当地的历史传承": {
        "precision": 0.8888888888888888,
        "recall": 0.7578947368421053,
        "f1": 0.8181818181818182
      },
      "未提及任何标准": {
        "precision": 0.75,
        "recall": 0.15789473684210525,
        "f1": 0.2608695652173913
      },
      "社会文化与心理标准|个人的归属感": {
        "precision": 0.3225806451612903,
        "recall": 0.5555555555555556,
        "f1": 0.40816326530612246
      },
      "社会文化与心理标准|个人的文化实践与知识": {
        "precision": 0.6538461538461539,
        "recall": 0.5151515151515151,
        "f1": 0.576271186440678
      },
      "社会文化与心理标准|个人的语言能力": {
        "precision": 0.8888888888888888,
        "recall": 0.9032258064516129,
        "f1": 0.896
      },
      "社会文化与心理标准|个人被社群接纳": {
        "precision": 0.125,
        "recall": 0.14285714285714285,
        "f1": 0.13333333333333333
      },
      "社会文化与心理标准|个人认定": {
        "precision": 0.11428571428571428,
        "recall": 0.3076923076923077,
        "f1": 0.16666666666666666
      }
    },
    "tone_classes": [
      "中性",
      "宽容开放",
      "紧缩排斥"
    ],
    "tone_accuracy": 0.19391634980988592,
    "tone_macro_f1": 0.10828025477707005,
    "tone_micro_f1": 0.19391634980988592,
    "tone_macro_precision": 0.06463878326996197,
    "tone_micro_precision": 0.19391634980988592,
    "tone_macro_recall": 0.3333333333333333,
    "tone_micro_recall": 0.19391634980988592,
    "tone_num_samples": 263
  },
  "qwen_labels_only.jsonl": {
    "micro_f1": 0.7219251336898396,
    "macro_f1": 0.5999857971113093,
    "jaccard": 0.6847275031685678,
    "hamming_loss": 0.06590621039290241,
    "exact_match": 0.5399239543726235,
    "none_precision": 0.7,
    "none_recall": 0.3684210526315789,
    "none_f1": 0.4827586206896552,
    "num_samples": 263,
    "num_labels": 12,
    "class_f1_scores": {
      "客观标准|个人在当地的出生和成长经历": {
        "precision": 0.8518518518518519,
        "recall": 0.5897435897435898,
        "f1": 0.696969696969697
      },
      "客观标准|个人在当地的当前居住状态": {
        "precision": 0.6,
        "recall": 0.23076923076923078,
        "f1": 0.3333333333333333
      },
      "客观标准|个人或家族在当地的资产与权益": {
        "precision": 0.8,
        "recall": 0.8333333333333334,
        "f1": 0.8163265306122449
      },
      "客观标准|个人的法律与行政认定": {
        "precision": 0.7419354838709677,
        "recall": 0.7666666666666667,
        "f1": 0.7540983606557377
      },
      "客观标准|城市内部地理片区归属": {
        "precision": 0.65,
        "recall": 0.8666666666666667,
        "f1": 0.7428571428571429
      },
      "客观标准|家族在当地的历史传承": {
        "precision": 0.872093023255814,
        "recall": 0.7894736842105263,
        "f1": 0.8287292817679558
      },
      "未提及任何标准": {
        "precision": 0.7,
        "recall": 0.3684210526315789,
        "f1": 0.4827586206896552
      },
      "社会文化与心理标准|个人的归属感": {
        "precision": 0.6666666666666666,
        "recall": 0.4444444444444444,
        "f1": 0.5333333333333333
      },
      "社会文化与心理标准|个人的文化实践与知识": {
        "precision": 0.8095238095238095,
        "recall": 0.5151515151515151,
        "f1": 0.6296296296296297
      },
      "社会文化与心理标准|个人的语言能力": {
        "precision": 0.8833333333333333,
        "recall": 0.8548387096774194,
        "f1": 0.8688524590163934
      },
      "社会文化与心理标准|个人被社群接纳": {
        "precision": 0.1111111111111111,
        "recall": 0.2857142857142857,
        "f1": 0.16
      },
      "社会文化与心理标准|个人认定": {
        "precision": 0.75,
        "recall": 0.23076923076923078,
        "f1": 0.35294117647058826
      }
    },
    "tone_classes": [
      "中性",
      "宽容开放",
      "紧缩排斥"
    ],
    "tone_accuracy": 0.6920152091254753,
    "tone_macro_f1": 0.6909171778786725,
    "tone_micro_f1": 0.6920152091254753,
    "tone_macro_precision": 0.6890027591643674,
    "tone_micro_precision": 0.6920152091254753,
    "tone_macro_recall": 0.7035632779931037,
    "tone_micro_recall": 0.6920152091254753,
    "tone_num_samples": 263
  },
  "yi_labels_phrase.jsonl": {
    "micro_f1": 0.7402234636871509,
    "macro_f1": 0.5894227837558569,
    "jaccard": 0.7161596958174905,
    "hamming_loss": 0.058935361216730035,
    "exact_match": 0.596958174904943,
    "none_precision": 1.0,
    "none_recall": 0.21052631578947367,
    "none_f1": 0.34782608695652173,
    "num_samples": 263,
    "num_labels": 12,
    "class_f1_scores": {
      "客观标准|个人在当地的出生和成长经历": {
        "precision": 0.8928571428571429,
        "recall": 0.6410256410256411,
        "f1": 0.746268656716418
      },
      "客观标准|个人在当地的当前居住状态": {
        "precision": 0.5,
        "recall": 0.23076923076923078,
        "f1": 0.3157894736842105
      },
      "客观标准|个人或家族在当地的资产与权益": {
        "precision": 0.8333333333333334,
        "recall": 0.8333333333333334,
        "f1": 0.8333333333333334
      },
      "客观标准|个人的法律与行政认定": {
        "precision": 0.8421052631578947,
        "recall": 0.8,
        "f1": 0.8205128205128205
      },
      "客观标准|城市内部地理片区归属": {
        "precision": 0.7058823529411765,
        "recall": 0.8,
        "f1": 0.75
      },
      "客观标准|家族在当地的历史传承": {
        "precision": 0.935064935064935,
        "recall": 0.7578947368421053,
        "f1": 0.8372093023255814
      },
      "未提及任何标准": {
        "precision": 1.0,
        "recall": 0.21052631578947367,
        "f1": 0.34782608695652173
      },
      "社会文化与心理标准|个人的归属感": {
        "precision": 0.5833333333333334,
        "recall": 0.3888888888888889,
        "f1": 0.4666666666666667
      },
      "社会文化与心理标准|个人的文化实践与知识": {
        "precision": 0.8125,
        "recall": 0.3939393939393939,
        "f1": 0.5306122448979592
      },
      "社会文化与心理标准|个人的语言能力": {
        "precision": 0.9180327868852459,
        "recall": 0.9032258064516129,
        "f1": 0.9105691056910569
      },
      "社会文化与心理标准|个人被社群接纳": {
        "precision": 0.125,
        "recall": 0.14285714285714285,
        "f1": 0.13333333333333333
      },
      "社会文化与心理标准|个人认定": {
        "precision": 0.5,
        "recall": 0.3076923076923077,
        "f1": 0.38095238095238093
      }
    },
    "tone_classes": [
      "中性",
      "宽容开放",
      "紧缩排斥"
    ],
    "tone_accuracy": 0.7338403041825095,
    "tone_macro_f1": 0.7339877727624828,
    "tone_micro_f1": 0.7338403041825095,
    "tone_macro_precision": 0.7373763911694947,
    "tone_micro_precision": 0.7338403041825095,
    "tone_macro_recall": 0.7330134205183643,
    "tone_micro_recall": 0.7338403041825095,
    "tone_num_samples": 263
  },
  "qwen_labels_phrase.jsonl": {
    "micro_f1": 0.7793190416141236,
    "macro_f1": 0.65828022630156,
    "jaccard": 0.7288973384030418,
    "hamming_loss": 0.05544993662864385,
    "exact_match": 0.5779467680608364,
    "none_precision": 0.6363636363636364,
    "none_recall": 0.3684210526315789,
    "none_f1": 0.4666666666666667,
    "num_samples": 263,
    "num_labels": 12,