{
  "labels_micro_f1": 0.48673946957878317,
  "labels_macro_f1": 0.46554196034853584,
  "labels_jaccard": 0.19433882551753276,
  "labels_hamming_loss": 0.11372277912201867,
  "labels_exact_match": 0.30038022813688214,
  "labels_none_precision": 0.8,
  "labels_none_recall": 0.37267080745341613,
  "labels_none_f1": 0.5084745762711864,
  "labels_num_samples": 263,
  "labels_num_classes": 11,
  "labels_class_f1_scores": {
    "客观标准|个人在当地的当前居住状态": {
      "precision": 0.08571428571428572,
      "recall": 0.2727272727272727,
      "f1": 0.13043478260869565
    },
    "客观标准|个人在当地的出生和成长经历": {
      "precision": 0.6052631578947368,
      "recall": 0.8214285714285714,
      "f1": 0.696969696969697
    },
    "客观标准|个人的法律与行政认定": {
      "precision": 0.4444444444444444,
      "recall": 0.5405405405405406,
      "f1": 0.4878048780487805
    },
    "客观标准|家族在当地的历史传承": {
      "precision": 0.5306122448979592,
      "recall": 0.49056603773584906,
      "f1": 0.5098039215686274
    },
    "客观标准|个人或家族在当地的资产与权益": {
      "precision": 0.5333333333333333,
      "recall": 0.9411764705882353,
      "f1": 0.6808510638297872
    },
    "客观标准|城市内部地理片区归属": {
      "precision": 0.36,
      "recall": 0.8181818181818182,
      "f1": 0.5
    },
    "社会文化与心理标准|个人认定": {
      "precision": 0.2,
      "recall": 0.5833333333333334,
      "f1": 0.2978723404255319
    },
    "社会文化与心理标准|个人的归属感": {
      "precision": 0.48148148148148145,
      "recall": 0.7647058823529411,
      "f1": 0.5909090909090909
    },
    "社会文化与心理标准|个人的语言能力": {
      "precision": 0.3620689655172414,
      "recall": 0.8076923076923077,
      "f1": 0.5
    },
    "社会文化与心理标准|个人的文化实践与知识": {
      "precision": 0.40540540540540543,
      "recall": 0.75,
      "f1": 0.5263157894736842
    },
    "社会文化与心理标准|个人被社群接纳": {
      "precision": 0.125,
      "recall": 0.5,
      "f1": 0.2
    }
  },
  "openness_accuracy": 0.6692015209125475,
  "openness_f1": 0.6627653569010692,
  "openness_classes": [
    "紧缩排斥",
    "中性",
    "宽容开放"
  ],
  "openness_num_samples": 263,
  "openness_f1_macro": 0.6538364088531313,
  "openness_f1_micro": 0.6692015209125475,
  "openness_precision_macro": 0.6636663324522226,
  "openness_precision_micro": 0.6692015209125475,
  "openness_recall_macro": 0.6570727977430327,
  "openness_recall_micro": 0.6692015209125475
}