{
  "beijing": {
    "micro_f1": 0.5384615384615384,
    "macro_f1": 0.5089160839160839,
    "jaccard": 0.16547619047619047
  },
  "chengdu": {
    "micro_f1": 0.5454545454545454,
    "macro_f1": 0.1515151515151515,
    "jaccard": 0.3333333333333333
  },
  "fuoshan": {
    "micro_f1": 0.5945945945945946,
    "macro_f1": 0.4469696969696969,
    "jaccard": 0.3397435897435897
  },
  "guangzhou": {
    "micro_f1": 0.375,
    "macro_f1": 0.3146005509641873,
    "jaccard": 0.11136363636363635
  },
  "hangzhou": {
    "micro_f1": 0.42857142857142855,
    "macro_f1": 0.20995670995670992,
    "jaccard": 0.23076923076923078
  },
  "hefei": {
    "micro_f1": 0.5,
    "macro_f1": 0.1515151515151515,
    "jaccard": 0.27777777777777773
  },
  "nanjing": {
    "micro_f1": 0.5142857142857142,
    "macro_f1": 0.4242424242424242,
    "jaccard": 0.17555555555555555
  },
  "qingdao": {
    "micro_f1": 0.0,
    "macro_f1": 0.0,
    "jaccard": 0.0
  },
  "shanghai": {
    "micro_f1": 0.5607476635514018,
    "macro_f1": 0.5144096527434551,
    "jaccard": 0.26201499118165783
  },
  "shenzhen": {
    "micro_f1": 0.45569620253164556,
    "macro_f1": 0.23851829988193626,
    "jaccard": 0.1784313725490196
  },
  "suzhou": {
    "micro_f1": 0.0,
    "macro_f1": 0.0,
    "jaccard": 0.0
  },
  "tianjin": {
    "micro_f1": 0.0,
    "macro_f1": 0.0,
    "jaccard": 0.0
  },
  "wuhan": {
    "micro_f1": 0.3333333333333333,
    "macro_f1": 0.09090909090909091,
    "jaccard": 0.25
  },
  "zhengzhou": {
    "micro_f1": 0.0,
    "macro_f1": 0.0,
    "jaccard": 0.0
  }
}