{
  "micro_f1": 0.701058201058201,
  "macro_f1": 0.5988356315911166,
  "jaccard": 0.6640684410646388,
  "hamming_loss": 0.07160963244613434,
  "exact_match": 0.5209125475285171,
  "none_precision": 0.30434782608695654,
  "none_recall": 0.3684210526315789,
  "none_f1": 0.3333333333333333,
  "num_samples": 263,
  "num_labels": 12,
  "class_f1_scores": {
    "客观标准|个人在当地的出生和成长经历": {
      "precision": 0.8181818181818182,
      "recall": 0.6923076923076923,
      "f1": 0.75
    },
    "客观标准|个人在当地的当前居住状态": {
      "precision": 0.45454545454545453,
      "recall": 0.38461538461538464,
      "f1": 0.4166666666666667
    },
    "客观标准|个人或家族在当地的资产与权益": {
      "precision": 0.782608695652174,
      "recall": 0.75,
      "f1": 0.7659574468085106
    },
    "客观标准|个人的法律与行政认定": {
      "precision": 0.75,
      "recall": 0.7,
      "f1": 0.7241379310344828
    },
    "客观标准|城市内部地理片区归属": {
      "precision": 0.5714285714285714,
      "recall": 0.8,
      "f1": 0.6666666666666666
    },
    "客观标准|家族在当地的历史传承": {
      "precision": 0.8481012658227848,
      "recall": 0.7052631578947368,
      "f1": 0.7701149425287356
    },
    "未提及任何标准": {
      "precision": 0.30434782608695654,
      "recall": 0.3684210526315789,
      "f1": 0.3333333333333333
    },
    "社会文化与心理标准|个人的归属感": {
      "precision": 0.75,
      "recall": 0.16666666666666666,
      "f1": 0.2727272727272727
    },
    "社会文化与心理标准|个人的文化实践与知识": {
      "precision": 0.8823529411764706,
      "recall": 0.45454545454545453,
      "f1": 0.6
    },
    "社会文化与心理标准|个人的语言能力": {
      "precision": 0.8636363636363636,
      "recall": 0.9193548387096774,
      "f1": 0.890625
    },
    "社会文化与心理标准|个人被社群接纳": {
      "precision": 0.3,
      "recall": 0.42857142857142855,
      "f1": 0.35294117647058826
    },
    "社会文化与心理标准|个人认定": {
      "precision": 0.6,
      "recall": 0.6923076923076923,
      "f1": 0.6428571428571429
    }
  },
  "tone_classes": [
    "中性",
    "宽容开放",
    "紧缩排斥"
  ],
  "tone_accuracy": 0.19391634980988592,
  "tone_macro_f1": 0.10828025477707005,
  "tone_micro_f1": 0.19391634980988592,
  "tone_macro_precision": 0.06463878326996197,
  "tone_micro_precision": 0.19391634980988592,
  "tone_macro_recall": 0.3333333333333333,
  "tone_micro_recall": 0.19391634980988592,
  "tone_num_samples": 263
}