{
  "gemma_labels_phrase.jsonl": {
    "micro_f1": 0.057488653555219364,
    "macro_f1": 0.011229314420803783,
    "jaccard": 0.07224334600760456,
    "hamming_loss": 0.19740177439797213,
    "exact_match": 0.07224334600760456,
    "none_precision": 0.07224334600760456,
    "none_recall": 1.0,
    "none_f1": 0.1347517730496454,
    "num_samples": 263,
    "num_labels": 12,
    "class_f1_scores": {
      "客观标准|个人在当地的出生和成长经历": {
        "precision": 0.0,
        "recall": 0.0,
        "f1": 0.0
      },
      "客观标准|个人在当地的当前居住状态": {
        "precision": 0.0,
        "recall": 0.0,
        "f1": 0.0
      },
      "客观标准|个人或家族在当地的资产与权益": {
        "precision": 0.0,
        "recall": 0.0,
        "f1": 0.0
      },
      "客观标准|个人的法律与行政认定": {
        "precision": 0.0,
        "recall": 0.0,
        "f1": 0.0
      },
      "客观标准|城市内部地理片区归属": {
        "precision": 0.0,
        "recall": 0.0,
        "f1": 0.0
      },
      "客观标准|家族在当地的历史传承": {
        "precision": 0.0,
        "recall": 0.0,
        "f1": 0.0
      },
      "未提及任何标准": {
        "precision": 0.07224334600760456,
        "recall": 1.0,
        "f1": 0.1347517730496454
      },
      "社会文化与心理标准|个人的归属感": {
        "precision": 0.0,
        "recall": 0.0,
        "f1": 0.0
      },
      "社会文化与心理标准|个人的文化实践与知识": {
        "precision": 0.0,
        "recall": 0.0,
        "f1": 0.0
      },
      "社会文化与心理标准|个人的语言能力": {
        "precision": 0.0,
        "recall": 0.0,
        "f1": 0.0
      },
      "社会文化与心理标准|个人被社群接纳": {
        "precision": 0.0,
        "recall": 0.0,
        "f1": 0.0
      },
      "社会文化与心理标准|个人认定": {
        "precision": 0.0,
        "recall": 0.0,
        "f1": 0.0
      }
    },
    "tone_classes": [
      "中性",
      "宽容开放",
      "紧缩排斥"
    ],
    "tone_accuracy": 0.0076045627376425855,
    "tone_macro_f1": 0.24074074074074073,
    "tone_micro_f1": 0.2,
    "tone_macro_precision": 0.20833333333333334,
    "tone_micro_precision": 0.2,
    "tone_macro_recall": 0.5,
    "tone_micro_recall": 0.2,
    "tone_num_samples": 263
  },
  "qwen_labels_only.jsonl": {
    "micro_f1": 0.6171107994389902,
    "macro_f1": 0.5442470094521142,
    "jaccard": 0.5935361216730037,
    "hamming_loss": 0.08650190114068441,
    "exact_match": 0.4790874524714829,
    "none_precision": 0.1791044776119403,
    "none_recall": 0.631578947368421,
    "none_f1": 0.27906976744186046,
    "num_samples": 263,
    "num_labels": 12,
    "class_f1_scores": {
      "客观标准|个人在当地的出生和成长经历": {
        "precision": 0.75,
        "recall": 0.46153846153846156,
        "f1": 0.5714285714285714
      },
      "客观标准|个人在当地的当前居住状态": {
        "precision": 0.8,
        "recall": 0.3076923076923077,
        "f1": 0.4444444444444444
      },
      "客观标准|个人或家族在当地的资产与权益": {
        "precision": 0.8095238095238095,
        "recall": 0.7083333333333334,
        "f1": 0.7555555555555555
      },
      "客观标准|个人的法律与行政认定": {
        "precision": 0.782608695652174,
        "recall": 0.6,
        "f1": 0.6792452830188679
      },
      "客观标准|城市内部地理片区归属": {
        "precision": 0.7333333333333333,
        "recall": 0.7333333333333333,
        "f1": 0.7333333333333333
      },
      "客观标准|家族在当地的历史传承": {
        "precision": 0.890625,
        "recall": 0.6,
        "f1": 0.7169811320754716
      },
      "未提及任何标准": {
        "precision": 0.1791044776119403,
        "recall": 0.631578947368421,
        "f1": 0.27906976744186046
      },
      "社会文化与心理标准|个人的归属感": {
        "precision": 0.6666666666666666,
        "recall": 0.1111111111111111,
        "f1": 0.19047619047619047
      },
      "社会文化与心理标准|个人的文化实践与知识": {
        "precision": 1.0,
        "recall": 0.2727272727272727,
        "f1": 0.42857142857142855
      },
      "社会文化与心理标准|个人的语言能力": {
        "precision": 0.9215686274509803,
        "recall": 0.7580645161290323,
        "f1": 0.831858407079646
      },
      "社会文化与心理标准|个人被社群接纳": {
        "precision": 0.6666666666666666,
        "recall": 0.2857142857142857,
        "f1": 0.4
      },
      "社会文化与心理标准|个人认定": {
        "precision": 0.7142857142857143,
        "recall": 0.38461538461538464,
        "f1": 0.5
      }
    },
    "tone_classes": [
      "中性",
      "宽容开放",
      "紧缩排斥"
    ],
    "tone_accuracy": 0.19391634980988592,
    "tone_macro_f1": 0.10828025477707005,
    "tone_micro_f1": 0.19391634980988592,
    "tone_macro_precision": 0.06463878326996197,
    "tone_micro_precision": 0.19391634980988592,
    "tone_macro_recall": 0.3333333333333333,
    "tone_micro_recall": 0.19391634980988592,
    "tone_num_samples": 263
  },
  "yi_labels_phrase.jsonl": {
    "micro_f1": 0.624484181568088,
    "macro_f1": 0.47505222154374144,
    "jaccard": 0.5934184320115878,
    "hamming_loss": 0.08650190114068441,
    "exact_match": 0.4524714828897338,
    "none_precision": 0.125,
    "none_recall": 0.05263157894736842,
    "none_f1": 0.07407407407407407,
    "num_samples": 263,
    "num_labels": 12,
    "class_f1_scores": {
      "客观标准|个人在当地的出生和成长经历": {
        "precision": 0.8333333333333334,
        "recall": 0.5128205128205128,
        "f1": 0.6349206349206349
      },
      "客观标准|个人在当地的当前居住状态": {
        "precision": 0.15384615384615385,
        "recall": 0.15384615384615385,
        "f1": 0.15384615384615385
      },
      "客观标准|个人或家族在当地的资产与权益": {
        "precision": 0.85,
        "recall": 0.7083333333333334,
        "f1": 0.7727272727272727
      },
      "客观标准|个人的法律与行政认定": {
        "precision": 0.7959183673469388,
        "recall": 0.65,
        "f1": 0.7155963302752294
      },
      "客观标准|城市内部地理片区归属": {
        "precision": 0.75,
        "recall": 0.6,
        "f1": 0.6666666666666666
      },
      "客观标准|家族在当地的历史传承": {
        "precision": 0.890625,
        "recall": 0.6,
        "f1": 0.7169811320754716
      },
      "未提及任何标准": {
        "precision": 0.125,
        "recall": 0.05263157894736842,
        "f1": 0.07407407407407407
      },
      "社会文化与心理标准|个人的归属感": {
        "precision": 0.35714285714285715,
        "recall": 0.2777777777777778,
        "f1": 0.3125
      },
      "社会文化与心理标准|个人的文化实践与知识": {
        "precision": 0.6296296296296297,
        "recall": 0.5151515151515151,
        "f1": 0.5666666666666667
      },
      "社会文化与心理标准|个人的语言能力": {
        "precision": 0.8333333333333334,
        "recall": 0.8870967741935484,
        "f1": 0.859375
      },
      "社会文化与心理标准|个人被社群接纳": {
        "precision": 0.0,
        "recall": 0.0,
        "f1": 0.0
      },
      "社会文化与心理标准|个人认定": {
        "precision": 0.16129032258064516,
        "recall": 0.38461538461538464,
        "f1": 0.22727272727272727
      }
    },
    "tone_classes": [
      "中性",
      "宽容开放",
      "紧缩排斥"
    ],
    "tone_accuracy": 0.22433460076045628,
    "tone_macro_f1": 0.16382452660091137,
    "tone_micro_f1": 0.22433460076045628,
    "tone_macro_precision": 0.41802721088435374,
    "tone_micro_precision": 0.22433460076045628,
    "tone_macro_recall": 0.35449796831925656,
    "tone_micro_recall": 0.22433460076045628,
    "tone_num_samples": 263
  },
  "qwen_labels_phrase.jsonl": {
    "micro_f1": 0.701058201058201,
    "macro_f1": 0.5988356315911166,
    "jaccard": 0.6640684410646388,
    "hamming_loss": 0.07160963244613434,
    "exact_match": 0.5209125475285171,
    "none_precision": 0.30434782608695654,
    "none_recall": 0.3684210526315789,
    "none_f1": 0.3333333333333333,
    "num_samples": 263,
    "num_labels": 12,
    "class_f1_scores": {
      "客观标准|个人在当地的出生和成长经历": {
        "precision": 0.8181818181818182,
        "recall": 0.6923076923076923,
        "f1": 0.75
      },
      "客观标准|个人在当地的当前居住状态": {
        "precision": 0.45454545454545453,
        "recall": 0.38461538461538464,
        "f1": 0.4166666666666667
      },
      "客观标准|个人或家族在当地的资产与权益": {
        "precision": 0.782608695652174,
        "recall": 0.75,
        "f1": 0.7659574468085106
      },
      "客观标准|个人的法律与行政认定": {
        "precision": 0.75,
        "recall": 0.7,
        "f1": 0.7241379310344828
      },