{
  "micro_f1": 0.624484181568088,
  "macro_f1": 0.47505222154374144,
  "jaccard": 0.5934184320115878,
  "hamming_loss": 0.08650190114068441,
  "exact_match": 0.4524714828897338,
  "none_precision": 0.125,
  "none_recall": 0.05263157894736842,
  "none_f1": 0.07407407407407407,
  "num_samples": 263,
  "num_labels": 12,
  "class_f1_scores": {
    "客观标准|个人在当地的出生和成长经历": {
      "precision": 0.8333333333333334,
      "recall": 0.5128205128205128,
      "f1": 0.6349206349206349
    },
    "客观标准|个人在当地的当前居住状态": {
      "precision": 0.15384615384615385,
      "recall": 0.15384615384615385,
      "f1": 0.15384615384615385
    },
    "客观标准|个人或家族在当地的资产与权益": {
      "precision": 0.85,
      "recall": 0.7083333333333334,
      "f1": 0.7727272727272727
    },
    "客观标准|个人的法律与行政认定": {
      "precision": 0.7959183673469388,
      "recall": 0.65,
      "f1": 0.7155963302752294
    },
    "客观标准|城市内部地理片区归属": {
      "precision": 0.75,
      "recall": 0.6,
      "f1": 0.6666666666666666
    },
    "客观标准|家族在当地的历史传承": {
      "precision": 0.890625,
      "recall": 0.6,
      "f1": 0.7169811320754716
    },
    "未提及任何标准": {
      "precision": 0.125,
      "recall": 0.05263157894736842,
      "f1": 0.07407407407407407
    },
    "社会文化与心理标准|个人的归属感": {
      "precision": 0.35714285714285715,
      "recall": 0.2777777777777778,
      "f1": 0.3125
    },
    "社会文化与心理标准|个人的文化实践与知识": {
      "precision": 0.6296296296296297,
      "recall": 0.5151515151515151,
      "f1": 0.5666666666666667
    },
    "社会文化与心理标准|个人的语言能力": {
      "precision": 0.8333333333333334,
      "recall": 0.8870967741935484,
      "f1": 0.859375
    },
    "社会文化与心理标准|个人被社群接纳": {
      "precision": 0.0,
      "recall": 0.0,
      "f1": 0.0
    },
    "社会文化与心理标准|个人认定": {
      "precision": 0.16129032258064516,
      "recall": 0.38461538461538464,
      "f1": 0.22727272727272727
    }
  },
  "tone_classes": [
    "中性",
    "宽容开放",
    "紧缩排斥"
  ],
  "tone_accuracy": 0.22433460076045628,
  "tone_macro_f1": 0.16382452660091137,
  "tone_micro_f1": 0.22433460076045628,
  "tone_macro_precision": 0.41802721088435374,
  "tone_micro_precision": 0.22433460076045628,
  "tone_macro_recall": 0.35449796831925656,
  "tone_micro_recall": 0.22433460076045628,
  "tone_num_samples": 263
}