{
  "micro_f1": 0.6193724420190996,
  "macro_f1": 0.4676831213803782,
  "jaccard": 0.579594423320659,
  "hamming_loss": 0.08840304182509506,
  "exact_match": 0.4220532319391635,
  "none_precision": 0.18181818181818182,
  "none_recall": 0.10526315789473684,
  "none_f1": 0.13333333333333333,
  "num_samples": 263,
  "num_labels": 12,
  "class_f1_scores": {
    "客观标准|个人在当地的出生和成长经历": {
      "precision": 0.8148148148148148,
      "recall": 0.5641025641025641,
      "f1": 0.6666666666666666
    },
    "客观标准|个人在当地的当前居住状态": {
      "precision": 0.1111111111111111,
      "recall": 0.07692307692307693,
      "f1": 0.09090909090909091
    },
    "客观标准|个人或家族在当地的资产与权益": {
      "precision": 1.0,
      "recall": 0.6666666666666666,
      "f1": 0.8
    },
    "客观标准|个人的法律与行政认定": {
      "precision": 0.7959183673469388,
      "recall": 0.65,
      "f1": 0.7155963302752294
    },
    "客观标准|城市内部地理片区归属": {
      "precision": 0.7692307692307693,
      "recall": 0.6666666666666666,
      "f1": 0.7142857142857143
    },
    "客观标准|家族在当地的历史传承": {
      "precision": 0.8805970149253731,
      "recall": 0.6210526315789474,
      "f1": 0.7283950617283951
    },
    "未提及任何标准": {
      "precision": 0.18181818181818182,
      "recall": 0.10526315789473684,
      "f1": 0.13333333333333333
    },
    "社会文化与心理标准|个人的归属感": {
      "precision": 0.2222222222222222,
      "recall": 0.2222222222222222,
      "f1": 0.2222222222222222
    },
    "社会文化与心理标准|个人的文化实践与知识": {
      "precision": 0.5384615384615384,
      "recall": 0.42424242424242425,
      "f1": 0.4745762711864407
    },
    "社会文化与心理标准|个人的语言能力": {
      "precision": 0.8888888888888888,
      "recall": 0.9032258064516129,
      "f1": 0.896
    },
    "社会文化与心理标准|个人被社群接纳": {
      "precision": 0.0,
      "recall": 0.0,
      "f1": 0.0
    },
    "社会文化与心理标准|个人认定": {
      "precision": 0.11764705882352941,
      "recall": 0.3076923076923077,
      "f1": 0.1702127659574468
    }
  },
  "tone_classes": [
    "中性",
    "宽容开放",
    "紧缩排斥"
  ],
  "tone_accuracy": 0.22053231939163498,
  "tone_macro_f1": 0.15886900584046768,
  "tone_micro_f1": 0.22053231939163498,
  "tone_macro_precision": 0.5542328042328042,
  "tone_micro_precision": 0.22053231939163498,
  "tone_macro_recall": 0.3526751683790205,
  "tone_micro_recall": 0.22053231939163498,
  "tone_num_samples": 263
}