{
  "labels_micro_f1": 0.8282290279627164,
  "labels_macro_f1": 0.6954727752604115,
  "labels_jaccard": 0.7379594423320658,
  "openness_accuracy": 0.7452471482889734,
  "openness_f1": 0.7451064471281889,
  "openness_precision_macro": 0.7479681448753613,
  "openness_precision_micro": 0.7452471482889734,
  "openness_recall_macro": 0.7563863914010248,
  "openness_recall_micro": 0.7452471482889734,
  "num_samples": 263
}