{
  "labels_micro_f1": 0.8067444876783398,
  "labels_macro_f1": 0.6824535781637358,
  "labels_jaccard": 0.7284537389100126,
  "openness_accuracy": 0.6958174904942965,
  "openness_f1": 0.6889312242840783,
  "openness_precision_macro": 0.6955156802485046,
  "openness_precision_micro": 0.6958174904942965,
  "openness_recall_macro": 0.7028244317299608,
  "openness_recall_micro": 0.6958174904942965,
  "num_samples": 263
}