{
  "labels_micro_f1": 0.5463743676222597,
  "labels_macro_f1": 0.41064123846078737,
  "labels_jaccard": 0.3275665399239544,
  "openness_accuracy": 0.467680608365019,
  "openness_f1": 0.3666331914320242,
  "openness_precision_macro": 0.6759259259259259,
  "openness_precision_micro": 0.467680608365019,
  "openness_recall_macro": 0.5222752480642638,
  "openness_recall_micro": 0.467680608365019,
  "num_samples": 263
}