{
  "labels_micro_f1": 0.8337801608579088,
  "labels_macro_f1": 0.7075084469145108,
  "labels_jaccard": 0.743979721166033,
  "openness_accuracy": 0.7300380228136882,
  "openness_f1": 0.7305890161327042,
  "openness_precision_macro": 0.7284701999611727,
  "openness_precision_micro": 0.7300380228136882,
  "openness_recall_macro": 0.7489674608824556,
  "openness_recall_micro": 0.7300380228136882,
  "num_samples": 263
}