{
  "labels_micro_f1": 0.8173207036535859,
  "labels_macro_f1": 0.6641497895705928,
  "labels_jaccard": 0.725375701611443,
  "openness_accuracy": 0.7300380228136882,
  "openness_f1": 0.730568458737003,
  "openness_precision_macro": 0.7750909563409564,
  "openness_precision_micro": 0.7300380228136882,
  "openness_recall_macro": 0.7177167834114074,
  "openness_recall_micro": 0.7300380228136882,
  "num_samples": 263
}