{
  "labels_micro_f1": 0.8189415041782729,
  "labels_macro_f1": 0.6744509718643544,
  "labels_jaccard": 0.7058935361216729,
  "openness_accuracy": 0.714828897338403,
  "openness_f1": 0.7125755369177507,
  "openness_precision_macro": 0.7174500160898742,
  "openness_precision_micro": 0.714828897338403,
  "openness_recall_macro": 0.7330702548462983,
  "openness_recall_micro": 0.714828897338403,
  "num_samples": 263
}