{
  "labels_micro_f1": 0.8268456375838926,
  "labels_macro_f1": 0.7148681767548574,
  "labels_jaccard": 0.7143219264892269,
  "openness_accuracy": 0.7034220532319392,
  "openness_f1": 0.6955648280743337,
  "openness_precision_macro": 0.7051126263976962,
  "openness_precision_micro": 0.7034220532319392,
  "openness_recall_macro": 0.7158963271547973,
  "openness_recall_micro": 0.7034220532319392,
  "num_samples": 263
}