{
  "labels_micro_f1": 0.8288043478260869,
  "labels_macro_f1": 0.6852852821781045,
  "labels_jaccard": 0.7288973384030419,
  "openness_accuracy": 0.7414448669201521,
  "openness_f1": 0.7427449919774038,
  "openness_precision_macro": 0.7620129113839805,
  "openness_precision_micro": 0.7414448669201521,
  "openness_recall_macro": 0.7556393422451902,
  "openness_recall_micro": 0.7414448669201521,
  "num_samples": 263
}