{
  "labels_micro_f1": 0.807799442896936,
  "labels_macro_f1": 0.666060838519069,
  "labels_jaccard": 0.6832337497736737,
  "openness_accuracy": 0.7452471482889734,
  "openness_f1": 0.7425004221988221,
  "openness_precision_macro": 0.7601478250333212,
  "openness_precision_micro": 0.7452471482889734,
  "openness_recall_macro": 0.7458843450722586,
  "openness_recall_micro": 0.7452471482889734,
  "num_samples": 263
}