{
  "labels_micro_f1": 0.8183041722745625,
  "labels_macro_f1": 0.6590178394325888,
  "labels_jaccard": 0.722207133804092,
  "openness_accuracy": 0.7300380228136882,
  "openness_f1": 0.727473852569882,
  "openness_precision_macro": 0.7332377682918013,
  "openness_precision_micro": 0.7300380228136882,
  "openness_recall_macro": 0.7373896637692878,
  "openness_recall_micro": 0.7300380228136882,
  "num_samples": 263
}