{
  "labels_micro_f1": 0.8252688172043011,
  "labels_macro_f1": 0.6901864080207087,
  "labels_jaccard": 0.7330798479087453,
  "openness_accuracy": 0.7262357414448669,
  "openness_f1": 0.7221377680977518,
  "openness_precision_macro": 0.741629715313926,
  "openness_precision_micro": 0.7262357414448669,
  "openness_recall_macro": 0.7365148838558282,
  "openness_recall_micro": 0.7262357414448669,
  "num_samples": 263
}