{
  "labels_micro_f1": 0.7949790794979079,
  "labels_macro_f1": 0.6673569712163195,
  "labels_jaccard": 0.6932192648922687,
  "openness_accuracy": 0.7034220532319392,
  "openness_f1": 0.7042928432306732,
  "openness_precision_macro": 0.7236873773351298,
  "openness_precision_micro": 0.7034220532319392,
  "openness_recall_macro": 0.7072633685178839,
  "openness_recall_micro": 0.7034220532319392,
  "num_samples": 263
}