{
  "labels_micro_f1": 0.8263795423956931,
  "labels_macro_f1": 0.6909034701568427,
  "labels_jaccard": 0.7330798479087453,
  "openness_accuracy": 0.7262357414448669,
  "openness_f1": 0.7212772528794303,
  "openness_precision_macro": 0.7392098593428095,
  "openness_precision_micro": 0.7262357414448669,
  "openness_recall_macro": 0.7359770084636276,
  "openness_recall_micro": 0.7262357414448669,
  "num_samples": 263
}