{
  "labels_micro_f1": 0.7590027700831025,
  "labels_macro_f1": 0.5873409833421424,
  "labels_jaccard": 0.6879141770776752,
  "openness_accuracy": 0.5855513307984791,
  "openness_f1": 0.4978031612644639,
  "openness_precision_macro": 0.69004329004329,
  "openness_precision_micro": 0.5855513307984791,
  "openness_recall_macro": 0.5743513123163505,
  "openness_recall_micro": 0.5855513307984791,
  "num_samples": 263
}