{
  "labels_micro_f1": 0.8060522696011004,
  "labels_macro_f1": 0.6698556890607068,
  "labels_jaccard": 0.6756653992395437,
  "openness_accuracy": 0.6806083650190115,
  "openness_f1": 0.6659086141339977,
  "openness_precision_macro": 0.6801519468186136,
  "openness_precision_micro": 0.6806083650190115,
  "openness_recall_macro": 0.7051142106327067,
  "openness_recall_micro": 0.6806083650190115,
  "num_samples": 263
}