{
  "labels_micro_f1": 0.8116710875331565,
  "labels_macro_f1": 0.6646171950876615,
  "labels_jaccard": 0.7226869455006337,
  "openness_accuracy": 0.6920152091254753,
  "openness_f1": 0.6762326626745278,
  "openness_precision_macro": 0.6970427230073822,
  "openness_precision_micro": 0.6920152091254753,
  "openness_recall_macro": 0.7101724658188391,
  "openness_recall_micro": 0.6920152091254753,
  "num_samples": 263
}