{
  "labels_micro_f1": 0.7727891156462585,
  "labels_macro_f1": 0.6460358688169662,
  "labels_jaccard": 0.703041825095057,
  "openness_accuracy": 0.6501901140684411,
  "openness_f1": 0.6489861666557801,
  "openness_precision_macro": 0.7005092895380666,
  "openness_precision_micro": 0.6501901140684411,
  "openness_recall_macro": 0.6394805225242645,
  "openness_recall_micro": 0.6501901140684411,
  "num_samples": 263
}