{
  "labels_micro_f1": 0.8032128514056225,
  "labels_macro_f1": 0.6400324886429696,
  "labels_jaccard": 0.7088719898605831,
  "openness_accuracy": 0.6577946768060836,
  "openness_f1": 0.6547899000260341,
  "openness_precision_macro": 0.7128023289550035,
  "openness_precision_micro": 0.6577946768060836,
  "openness_recall_macro": 0.6349033084023988,
  "openness_recall_micro": 0.6577946768060836,
  "num_samples": 263
}