{
  "labels_micro_f1": 0.7650834403080873,
  "labels_macro_f1": 0.6331792310378925,
  "labels_jaccard": 0.6725602027883396,
  "openness_accuracy": 0.6197718631178707,
  "openness_f1": 0.6098962518086124,
  "openness_precision_macro": 0.7618679050567595,
  "openness_precision_micro": 0.6197718631178707,
  "openness_recall_macro": 0.5852699484096643,
  "openness_recall_micro": 0.6197718631178707,
  "num_samples": 263
}