{
  "labels_micro_f1": 0.7559681697612732,
  "labels_macro_f1": 0.5948756750772388,
  "labels_jaccard": 0.6657160963244614,
  "openness_accuracy": 0.5209125475285171,
  "openness_f1": 0.4972227759902773,
  "openness_precision_macro": 0.6031289910600256,
  "openness_precision_micro": 0.5209125475285171,
  "openness_recall_macro": 0.5811966262674201,
  "openness_recall_micro": 0.5209125475285171,
  "num_samples": 263
}