{
  "labels_micro_f1": 0.824966078697422,
  "labels_macro_f1": 0.7027458516612788,
  "labels_jaccard": 0.7249683143219265,
  "openness_accuracy": 0.7300380228136882,
  "openness_f1": 0.7220307171058387,
  "openness_precision_macro": 0.7360792642894239,
  "openness_precision_micro": 0.7300380228136882,
  "openness_recall_macro": 0.7408993299994434,
  "openness_recall_micro": 0.7300380228136882,
  "num_samples": 263
}