{
  "labels_micro_f1": 0.7984293193717278,
  "labels_macro_f1": 0.6473941017545952,
  "labels_jaccard": 0.6800380228136882,
  "openness_accuracy": 0.6844106463878327,
  "openness_f1": 0.6742942258083677,
  "openness_precision_macro": 0.6798941798941799,
  "openness_precision_micro": 0.6844106463878327,
  "openness_recall_macro": 0.7028894689505863,
  "openness_recall_micro": 0.6844106463878327,
  "num_samples": 263
}