{
  "labels_micro_f1": 0.8263795423956931,
  "labels_macro_f1": 0.7033879994376532,
  "labels_jaccard": 0.7358048162230673,
  "openness_accuracy": 0.7072243346007605,
  "openness_f1": 0.6960918086284842,
  "openness_precision_macro": 0.7107993542714618,
  "openness_precision_micro": 0.7072243346007605,
  "openness_recall_macro": 0.7171812517028325,
  "openness_recall_micro": 0.7072243346007605,
  "num_samples": 263
}