{
  "labels_micro_f1": 0.8230563002680965,
  "labels_macro_f1": 0.707971606991656,
  "labels_jaccard": 0.7160329531051964,
  "openness_accuracy": 0.7034220532319392,
  "openness_f1": 0.6975136952301665,
  "openness_precision_macro": 0.707689765705033,
  "openness_precision_micro": 0.7034220532319392,
  "openness_recall_macro": 0.7133346809514185,
  "openness_recall_micro": 0.7034220532319392,
  "num_samples": 263
}