{
  "labels_micro_f1": 0.7198838896952104,
  "labels_macro_f1": 0.59108523276795,
  "labels_jaccard": 0.5906663045446314,
  "openness_accuracy": 0.6083650190114068,
  "openness_f1": 0.5532067310498006,
  "openness_precision_macro": 0.6358154920039589,
  "openness_precision_micro": 0.6083650190114068,
  "openness_recall_macro": 0.6298579434762103,
  "openness_recall_micro": 0.6083650190114068,
  "num_samples": 263
}