{
  "labels_micro_f1": 0.760932944606414,
  "labels_macro_f1": 0.608674020084272,
  "labels_jaccard": 0.6387923230128553,
  "openness_accuracy": 0.4752851711026616,
  "openness_f1": 0.3368681044692389,
  "openness_precision_macro": 0.48484848484848486,
  "openness_precision_micro": 0.4752851711026616,
  "openness_recall_macro": 0.3986928104575163,
  "openness_recall_micro": 0.4752851711026616,
  "num_samples": 263
}