{
  "labels_micro_f1": 0.8164383561643835,
  "labels_macro_f1": 0.7011674226538448,
  "labels_jaccard": 0.6972116603295311,
  "openness_accuracy": 0.6768060836501901,
  "openness_f1": 0.6626569423643894,
  "openness_precision_macro": 0.6750818139317438,
  "openness_precision_micro": 0.6768060836501901,
  "openness_recall_macro": 0.691303468944727,
  "openness_recall_micro": 0.6768060836501901,
  "num_samples": 263
}