{
  "labels_micro_f1": 0.3252279635258359,
  "labels_macro_f1": 0.22170926624226633,
  "labels_jaccard": 0.27287705956907476,
  "openness_accuracy": 0.44106463878326996,
  "openness_f1": 0.27422315458240465,
  "openness_precision_macro": 0.4796437659033079,
  "openness_precision_micro": 0.44106463878326996,
  "openness_recall_macro": 0.3398692810457516,
  "openness_recall_micro": 0.44106463878326996,
  "num_samples": 263
}