{
  "labels_micro_f1": 0.8201058201058201,
  "labels_macro_f1": 0.6896849750060777,
  "labels_jaccard": 0.7296577946768061,
  "openness_accuracy": 0.7376425855513308,
  "openness_f1": 0.7375391936667482,
  "openness_precision_macro": 0.7485683538952305,
  "openness_precision_micro": 0.7376425855513308,
  "openness_recall_macro": 0.7422387451917866,
  "openness_recall_micro": 0.7376425855513308,
  "num_samples": 263
}