{
  "labels_micro_f1": 0.8127490039840638,
  "labels_macro_f1": 0.6814992714843017,
  "labels_jaccard": 0.720785804816223,
  "openness_accuracy": 0.6806083650190115,
  "openness_f1": 0.6647464009154023,
  "openness_precision_macro": 0.6822676129198125,
  "openness_precision_micro": 0.6806083650190115,
  "openness_recall_macro": 0.7009389382527252,
  "openness_recall_micro": 0.6806083650190115,
  "num_samples": 263
}