{
  "labels_micro_f1": 0.8252688172043011,
  "labels_macro_f1": 0.7018675017478672,
  "labels_jaccard": 0.738339670468948,
  "openness_accuracy": 0.7300380228136882,
  "openness_f1": 0.7236979218082715,
  "openness_precision_macro": 0.7285624211853721,
  "openness_precision_micro": 0.7300380228136882,
  "openness_recall_macro": 0.741975080783845,
  "openness_recall_micro": 0.7300380228136882,
  "num_samples": 263
}