{
  "labels_micro_f1": 0.821954484605087,
  "labels_macro_f1": 0.6668576066899801,
  "labels_jaccard": 0.7351982618142313,
  "openness_accuracy": 0.7414448669201521,
  "openness_f1": 0.7411798342138635,
  "openness_precision_macro": 0.7777795964353403,
  "openness_precision_micro": 0.7414448669201521,
  "openness_recall_macro": 0.7367867511564614,
  "openness_recall_micro": 0.7414448669201521,
  "num_samples": 263
}