{
  "labels_micro_f1": 0.8021828103683493,
  "labels_macro_f1": 0.6438251109659091,
  "labels_jaccard": 0.6976190476190476,
  "openness_accuracy": 0.6920152091254753,
  "openness_f1": 0.6902881398926012,
  "openness_precision_macro": 0.6903498800050524,
  "openness_precision_micro": 0.6920152091254753,
  "openness_recall_macro": 0.7031531333585278,
  "openness_recall_micro": 0.6920152091254753,
  "num_samples": 263
}