{
  "labels_micro_f1": 0.8143236074270557,
  "labels_macro_f1": 0.6718968391090537,
  "labels_jaccard": 0.7223700887198987,
  "openness_accuracy": 0.6996197718631179,
  "openness_f1": 0.6844068806884999,
  "openness_precision_macro": 0.7047624494776178,
  "openness_precision_micro": 0.6996197718631179,
  "openness_recall_macro": 0.7165074426603152,
  "openness_recall_micro": 0.6996197718631179,
  "num_samples": 263
}