{
  "labels_micro_f1": 0.760898282694848,
  "labels_macro_f1": 0.6173859759822089,
  "labels_jaccard": 0.6728770595690747,
  "openness_accuracy": 0.5475285171102662,
  "openness_f1": 0.49623766145207154,
  "openness_precision_macro": 0.6979464164286685,
  "openness_precision_micro": 0.5475285171102662,
  "openness_recall_macro": 0.4549148510442575,
  "openness_recall_micro": 0.5475285171102662,
  "num_samples": 263
}