{
  "labels_micro_f1": 0.6441784548422198,
  "labels_macro_f1": 0.5203666962236035,
  "labels_jaccard": 0.5977005250769509,
  "openness_accuracy": 0.4068441064638783,
  "openness_f1": 0.39896640301471425,
  "openness_precision_macro": 0.5344314929335172,
  "openness_precision_micro": 0.4068441064638783,
  "openness_recall_macro": 0.4972388477279452,
  "openness_recall_micro": 0.4068441064638783,
  "num_samples": 263
}