{
  "labels_micro_f1": 0.79890560875513,
  "labels_macro_f1": 0.6404601060137337,
  "labels_jaccard": 0.686845917074054,
  "openness_accuracy": 0.6920152091254753,
  "openness_f1": 0.6834901252802196,
  "openness_precision_macro": 0.6862441562720963,
  "openness_precision_micro": 0.6920152091254753,
  "openness_recall_macro": 0.7097623211842633,
  "openness_recall_micro": 0.6920152091254753,
  "num_samples": 263
}