{
  "labels_micro_f1": 0.7951153324287653,
  "labels_macro_f1": 0.6429265179265179,
  "labels_jaccard": 0.6978453738910011,
  "openness_accuracy": 0.6539923954372624,
  "openness_f1": 0.6516574486524584,
  "openness_precision_macro": 0.6948661184904069,
  "openness_precision_micro": 0.6539923954372624,
  "openness_recall_macro": 0.6325426330699618,
  "openness_recall_micro": 0.6539923954372624,
  "num_samples": 263
}