{
  "labels_micro_f1": 0.8010899182561307,
  "labels_macro_f1": 0.6409195189655611,
  "labels_jaccard": 0.6937533948940793,
  "openness_accuracy": 0.6920152091254753,
  "openness_f1": 0.6823396036297354,
  "openness_precision_macro": 0.6877375085916659,
  "openness_precision_micro": 0.6920152091254753,
  "openness_recall_macro": 0.7092244457920626,
  "openness_recall_micro": 0.6920152091254753,
  "num_samples": 263
}