{
  "labels_micro_f1": 0.8,
  "labels_macro_f1": 0.6427465601154861,
  "labels_jaccard": 0.690014484881405,
  "openness_accuracy": 0.6920152091254753,
  "openness_f1": 0.6876428056185635,
  "openness_precision_macro": 0.6901027077497667,
  "openness_precision_micro": 0.6920152091254753,
  "openness_recall_macro": 0.7124516981452674,
  "openness_recall_micro": 0.6920152091254753,
  "num_samples": 263
}