{
  "labels_micro_f1": 0.80946123521682,
  "labels_macro_f1": 0.6489999712735792,
  "labels_jaccard": 0.719228680065182,
  "openness_accuracy": 0.7072243346007605,
  "openness_f1": 0.6962312561156988,
  "openness_precision_macro": 0.712841340523768,
  "openness_precision_micro": 0.7072243346007605,
  "openness_recall_macro": 0.7208186486906132,
  "openness_recall_micro": 0.7072243346007605,
  "num_samples": 263
}