{
  "labels_micro_f1": 0.8133333333333334,
  "labels_macro_f1": 0.6847350851248749,
  "labels_jaccard": 0.7023718993300742,
  "openness_accuracy": 0.7224334600760456,
  "openness_f1": 0.7198166506842621,
  "openness_precision_macro": 0.7342699809582625,
  "openness_precision_micro": 0.7224334600760456,
  "openness_recall_macro": 0.7310546869278115,
  "openness_recall_micro": 0.7224334600760456,
  "num_samples": 263
}