{
  "labels_micro_f1": 0.7227866473149492,
  "labels_macro_f1": 0.6124626794419626,
  "labels_jaccard": 0.5935361216730038,
  "openness_accuracy": 0.6083650190114068,
  "openness_f1": 0.575982223932638,
  "openness_precision_macro": 0.6471628592483419,
  "openness_precision_micro": 0.6083650190114068,
  "openness_recall_macro": 0.5941495797482298,
  "openness_recall_micro": 0.6083650190114068,
  "num_samples": 263
}