{
  "labels_micro_f1": 0.729381443298969,
  "labels_macro_f1": 0.5995452010151006,
  "labels_jaccard": 0.638584102842658,
  "openness_accuracy": 0.5399239543726235,
  "openness_f1": 0.5393544250809926,
  "openness_precision_macro": 0.5784226526162011,
  "openness_precision_micro": 0.5399239543726235,
  "openness_recall_macro": 0.6031188569854956,
  "openness_recall_micro": 0.5399239543726235,
  "num_samples": 263
}