{
  "labels_micro_f1": 0.24888888888888888,
  "labels_macro_f1": 0.19753756087409063,
  "labels_jaccard": 0.13903675538656526,
  "openness_accuracy": 0.41825095057034223,
  "openness_f1": 0.3628171170218054,
  "openness_precision_macro": 0.609909448619126,
  "openness_precision_micro": 0.41825095057034223,
  "openness_recall_macro": 0.3915076623806552,
  "openness_recall_micro": 0.41825095057034223,
  "num_samples": 263
}