{
  "labels_micro_f1": 0.7941952506596306,
  "labels_macro_f1": 0.635714170234598,
  "labels_jaccard": 0.7081749049429658,
  "openness_accuracy": 0.688212927756654,
  "openness_f1": 0.6546106424006558,
  "openness_precision_macro": 0.7306103440718825,
  "openness_precision_micro": 0.688212927756654,
  "openness_recall_macro": 0.6940824918044314,
  "openness_recall_micro": 0.688212927756654,
  "num_samples": 263
}