{
  "labels_micro_f1": 0.8115183246073299,
  "labels_macro_f1": 0.6686428734596297,
  "labels_jaccard": 0.7116241173275394,
  "openness_accuracy": 0.7110266159695817,
  "openness_f1": 0.7075997508207353,
  "openness_precision_macro": 0.7288562704631572,
  "openness_precision_micro": 0.7110266159695817,
  "openness_recall_macro": 0.7243828055650768,
  "openness_recall_micro": 0.7110266159695817,
  "num_samples": 263
}