{
  "labels_micro_f1": 0.8127490039840638,
  "labels_macro_f1": 0.6884613603799923,
  "labels_jaccard": 0.7021817852616333,
  "openness_accuracy": 0.714828897338403,
  "openness_f1": 0.71116923945269,
  "openness_precision_macro": 0.7314203730272597,
  "openness_precision_micro": 0.714828897338403,
  "openness_recall_macro": 0.7272813562897144,
  "openness_recall_micro": 0.714828897338403,
  "num_samples": 263
}