{
  "labels_micro_f1": 0.8,
  "labels_macro_f1": 0.6608417042866388,
  "labels_jaccard": 0.6977457903313417,
  "openness_accuracy": 0.7072243346007605,
  "openness_f1": 0.7062548355818529,
  "openness_precision_macro": 0.720104204096299,
  "openness_precision_micro": 0.7072243346007605,
  "openness_recall_macro": 0.7163609624336811,
  "openness_recall_micro": 0.7072243346007605,
  "num_samples": 263
}