{
  "labels_micro_f1": 0.8072916666666666,
  "labels_macro_f1": 0.6671340349040651,
  "labels_jaccard": 0.7094694912185406,
  "openness_accuracy": 0.7034220532319392,
  "openness_f1": 0.7002512346389582,
  "openness_precision_macro": 0.7139565227800522,
  "openness_precision_micro": 0.7034220532319392,
  "openness_recall_macro": 0.7149483071280208,
  "openness_recall_micro": 0.7034220532319392,
  "num_samples": 263
}