{
  "labels_micro_f1": 0.7621550591327201,
  "labels_macro_f1": 0.6370511982645235,
  "labels_jaccard": 0.6693916349809886,
  "openness_accuracy": 0.6768060836501901,
  "openness_f1": 0.6787008497232225,
  "openness_precision_macro": 0.6739485247959824,
  "openness_precision_micro": 0.6768060836501901,
  "openness_recall_macro": 0.6880492642298216,
  "openness_recall_micro": 0.6768060836501901,
  "num_samples": 263
}