{
  "labels_micro_f1": 0.8121693121693122,
  "labels_macro_f1": 0.6581221143721144,
  "labels_jaccard": 0.701548071700163,
  "openness_accuracy": 0.6692015209125475,
  "openness_f1": 0.6415795676686956,
  "openness_precision_macro": 0.6771625238082044,
  "openness_precision_micro": 0.6692015209125475,
  "openness_recall_macro": 0.6915776799289864,
  "openness_recall_micro": 0.6692015209125475,
  "num_samples": 263
}