{
  "labels_micro_f1": 0.8180610889774237,
  "labels_macro_f1": 0.6960659607038426,
  "labels_jaccard": 0.7234745609270324,
  "openness_accuracy": 0.6920152091254753,
  "openness_f1": 0.6876122838848209,
  "openness_precision_macro": 0.7046997238840312,
  "openness_precision_micro": 0.6920152091254753,
  "openness_recall_macro": 0.7082764257652858,
  "openness_recall_micro": 0.6920152091254753,
  "num_samples": 263
}