{
  "labels_micro_f1": 0.7906976744186046,
  "labels_macro_f1": 0.6395347636640444,
  "labels_jaccard": 0.6858048162230672,
  "openness_accuracy": 0.6159695817490495,
  "openness_f1": 0.6030345092722995,
  "openness_precision_macro": 0.6009712509712509,
  "openness_precision_micro": 0.6159695817490495,
  "openness_recall_macro": 0.6495120743650814,
  "openness_recall_micro": 0.6159695817490495,
  "num_samples": 263
}