{
  "labels_micro_f1": 0.7758389261744967,
  "labels_macro_f1": 0.6177428385791436,
  "labels_jaccard": 0.6711026615969582,
  "openness_accuracy": 0.6501901140684411,
  "openness_f1": 0.6517714568161934,
  "openness_precision_macro": 0.6670274170274171,
  "openness_precision_micro": 0.6501901140684411,
  "openness_recall_macro": 0.6739584523485175,
  "openness_recall_micro": 0.6501901140684411,
  "num_samples": 263
}