{
  "labels_micro_f1": 0.8021108179419525,
  "labels_macro_f1": 0.6662213951430588,
  "labels_jaccard": 0.6958808618504436,
  "openness_accuracy": 0.6730038022813688,
  "openness_f1": 0.657992072052991,
  "openness_precision_macro": 0.6746344859596194,
  "openness_precision_micro": 0.6730038022813688,
  "openness_recall_macro": 0.6915044398156693,
  "openness_recall_micro": 0.6730038022813688,
  "num_samples": 263
}