{
  "labels_micro_f1": 0.8,
  "labels_macro_f1": 0.6641877691883802,
  "labels_jaccard": 0.7031323556038384,
  "openness_accuracy": 0.6958174904942965,
  "openness_f1": 0.6951328172418656,
  "openness_precision_macro": 0.7058438268924592,
  "openness_precision_micro": 0.6958174904942965,
  "openness_recall_macro": 0.699852640892006,
  "openness_recall_micro": 0.6958174904942965,
  "num_samples": 263
}