{
  "labels_micro_f1": 0.8026490066225166,
  "labels_macro_f1": 0.6646580013943706,
  "labels_jaccard": 0.6918884664131812,
  "openness_accuracy": 0.6692015209125475,
  "openness_f1": 0.6470866467906731,
  "openness_precision_macro": 0.67475984319807,
  "openness_precision_micro": 0.6692015209125475,
  "openness_recall_macro": 0.6895539091178082,
  "openness_recall_micro": 0.6692015209125475,
  "num_samples": 263
}