{
  "labels_micro_f1": 0.7780821917808219,
  "labels_macro_f1": 0.6547626288537014,
  "labels_jaccard": 0.6770595690747782,
  "openness_accuracy": 0.6463878326996197,
  "openness_f1": 0.6453651759406469,
  "openness_precision_macro": 0.6397724154425185,
  "openness_precision_micro": 0.6463878326996197,
  "openness_recall_macro": 0.6782069648418161,
  "openness_recall_micro": 0.6463878326996197,
  "num_samples": 263
}