{
  "labels_micro_f1": 0.8058902275769746,
  "labels_macro_f1": 0.6466686748690611,
  "labels_jaccard": 0.7007604562737643,
  "openness_accuracy": 0.6730038022813688,
  "openness_f1": 0.675285760603649,
  "openness_precision_macro": 0.7250337494220989,
  "openness_precision_micro": 0.6730038022813688,
  "openness_recall_macro": 0.661174830009697,
  "openness_recall_micro": 0.6730038022813688,
  "num_samples": 263
}