{
  "labels_micro_f1": 0.7858117326057299,
  "labels_macro_f1": 0.6278469029094643,
  "labels_jaccard": 0.6949302915082383,
  "openness_accuracy": 0.6273764258555133,
  "openness_f1": 0.6089408826018502,
  "openness_precision_macro": 0.7036231884057971,
  "openness_precision_micro": 0.6273764258555133,
  "openness_recall_macro": 0.5803364943766242,
  "openness_recall_micro": 0.6273764258555133,
  "num_samples": 263
}