{
  "labels_micro_f1": 0.4473684210526316,
  "labels_macro_f1": 0.36762908481503104,
  "labels_jaccard": 0.2986058301647655,
  "openness_accuracy": 0.49429657794676807,
  "openness_f1": 0.47667498100023664,
  "openness_precision_macro": 0.598883508205542,
  "openness_precision_micro": 0.49429657794676807,
  "openness_recall_macro": 0.4602631370791257,
  "openness_recall_micro": 0.49429657794676807,
  "num_samples": 263
}