{
  "labels_micro_f1": 0.8042609853528628,
  "labels_macro_f1": 0.6882926180593278,
  "labels_jaccard": 0.7030689842476914,
  "openness_accuracy": 0.6958174904942965,
  "openness_f1": 0.6768472537178898,
  "openness_precision_macro": 0.6970408308436477,
  "openness_precision_micro": 0.6958174904942965,
  "openness_recall_macro": 0.7119952657590751,
  "openness_recall_micro": 0.6958174904942965,
  "num_samples": 263
}