{
  "labels_micro_f1": 0.8090185676392573,
  "labels_macro_f1": 0.6743186653345391,
  "labels_jaccard": 0.7157432554770958,
  "openness_accuracy": 0.6844106463878327,
  "openness_f1": 0.6832480891214003,
  "openness_precision_macro": 0.6976697925547031,
  "openness_precision_micro": 0.6844106463878327,
  "openness_recall_macro": 0.6973560319092525,
  "openness_recall_micro": 0.6844106463878327,
  "num_samples": 263
}