{
  "labels_micro_f1": 0.7707182320441989,
  "labels_macro_f1": 0.645163745490863,
  "labels_jaccard": 0.6848542458808619,
  "openness_accuracy": 0.6768060836501901,
  "openness_f1": 0.6571291225049102,
  "openness_precision_macro": 0.7428753877029739,
  "openness_precision_micro": 0.6768060836501901,
  "openness_recall_macro": 0.6496784759025379,
  "openness_recall_micro": 0.6768060836501901,
  "num_samples": 263
}