{
  "labels_micro_f1": 0.8073394495412844,
  "labels_macro_f1": 0.6792900116526597,
  "labels_jaccard": 0.7184048524352707,
  "openness_accuracy": 0.6844106463878327,
  "openness_f1": 0.6711458974149923,
  "openness_precision_macro": 0.6750582750582751,
  "openness_precision_micro": 0.6844106463878327,
  "openness_recall_macro": 0.7012758427739839,
  "openness_recall_micro": 0.6844106463878327,
  "num_samples": 263
}