{
  "labels_micro_f1": 0.8005215123859192,
  "labels_macro_f1": 0.6708691221289099,
  "labels_jaccard": 0.6934093789607098,
  "openness_accuracy": 0.6615969581749049,
  "openness_f1": 0.6354270495147649,
  "openness_precision_macro": 0.69275925004148,
  "openness_precision_micro": 0.6615969581749049,
  "openness_recall_macro": 0.6670557181486071,
  "openness_recall_micro": 0.6615969581749049,
  "num_samples": 263
}