{
  "labels_micro_f1": 0.8053691275167785,
  "labels_macro_f1": 0.6632279985949621,
  "labels_jaccard": 0.7094061198623937,
  "openness_accuracy": 0.6996197718631179,
  "openness_f1": 0.6991245236564622,
  "openness_precision_macro": 0.7139817629179331,
  "openness_precision_micro": 0.6996197718631179,
  "openness_recall_macro": 0.7105638609844056,
  "openness_recall_micro": 0.6996197718631179,
  "num_samples": 263
}