{
  "labels_micro_f1": 0.8077922077922078,
  "labels_macro_f1": 0.6681415094894577,
  "labels_jaccard": 0.7063009234111897,
  "openness_accuracy": 0.714828897338403,
  "openness_f1": 0.7128873155729586,
  "openness_precision_macro": 0.730551538200582,
  "openness_precision_micro": 0.714828897338403,
  "openness_recall_macro": 0.7216201884907556,
  "openness_recall_micro": 0.714828897338403,
  "num_samples": 263
}