{
  "labels_micro_f1": 0.776566757493188,
  "labels_macro_f1": 0.6331013247281901,
  "labels_jaccard": 0.6718631178707225,
  "openness_accuracy": 0.6539923954372624,
  "openness_f1": 0.641906807252644,
  "openness_precision_macro": 0.6751235483073882,
  "openness_precision_micro": 0.6539923954372624,
  "openness_recall_macro": 0.634438673123515,
  "openness_recall_micro": 0.6539923954372624,
  "num_samples": 263
}