{
  "labels_micro_f1": 0.8074866310160428,
  "labels_macro_f1": 0.6738659831784763,
  "labels_jaccard": 0.7131812420785805,
  "openness_accuracy": 0.6653992395437263,
  "openness_f1": 0.6667992997388007,
  "openness_precision_macro": 0.7011544883250691,
  "openness_precision_micro": 0.6653992395437263,
  "openness_recall_macro": 0.6553777285604215,
  "openness_recall_micro": 0.6653992395437263,
  "num_samples": 263
}