{
  "labels_micro_f1": 0.8095238095238095,
  "labels_macro_f1": 0.6800336147956357,
  "labels_jaccard": 0.7030056128915445,
  "openness_accuracy": 0.7072243346007605,
  "openness_f1": 0.7017510568083054,
  "openness_precision_macro": 0.7220294325557483,
  "openness_precision_micro": 0.7072243346007605,
  "openness_recall_macro": 0.7198706286638368,
  "openness_recall_micro": 0.7072243346007605,
  "num_samples": 263
}