{
  "labels_micro_f1": 0.8110236220472441,
  "labels_macro_f1": 0.6585359940062255,
  "labels_jaccard": 0.7139054861488322,
  "openness_accuracy": 0.7300380228136882,
  "openness_f1": 0.7298552087845577,
  "openness_precision_macro": 0.7468153434433541,
  "openness_precision_micro": 0.7300380228136882,
  "openness_recall_macro": 0.7431785623258715,
  "openness_recall_micro": 0.7300380228136882,
  "num_samples": 263
}