{
  "labels_micro_f1": 0.7961696306429549,
  "labels_macro_f1": 0.6352899407690029,
  "labels_jaccard": 0.6861850443599493,
  "openness_accuracy": 0.6273764258555133,
  "openness_f1": 0.624852317154677,
  "openness_precision_macro": 0.6249900461856983,
  "openness_precision_micro": 0.6273764258555133,
  "openness_recall_macro": 0.6699132544097872,
  "openness_recall_micro": 0.6273764258555133,
  "num_samples": 263
}