{
  "labels_micro_f1": 0.8111702127659575,
  "labels_macro_f1": 0.6826237485781406,
  "labels_jaccard": 0.704780010863661,
  "openness_accuracy": 0.7110266159695817,
  "openness_f1": 0.7071727430607563,
  "openness_precision_macro": 0.7221031791685842,
  "openness_precision_micro": 0.7110266159695817,
  "openness_recall_macro": 0.7243828055650768,
  "openness_recall_micro": 0.7110266159695817,
  "num_samples": 263
}