{
  "labels_micro_f1": 0.8049113233287858,
  "labels_macro_f1": 0.6537867973260368,
  "labels_jaccard": 0.6890367553865653,
  "openness_accuracy": 0.6730038022813688,
  "openness_f1": 0.6738701409719794,
  "openness_precision_macro": 0.7124732905982906,
  "openness_precision_micro": 0.6730038022813688,
  "openness_recall_macro": 0.6673738732008566,
  "openness_recall_micro": 0.6730038022813688,
  "num_samples": 263
}