{
  "labels_micro_f1": 0.7915006640106241,
  "labels_macro_f1": 0.6475332267127298,
  "labels_jaccard": 0.6848995111352526,
  "openness_accuracy": 0.6996197718631179,
  "openness_f1": 0.6831427334124301,
  "openness_precision_macro": 0.7061635225013941,
  "openness_precision_micro": 0.6996197718631179,
  "openness_recall_macro": 0.7159695672681146,
  "openness_recall_micro": 0.6996197718631179,
  "num_samples": 263
}