{
  "labels_micro_f1": 0.7935656836461126,
  "labels_macro_f1": 0.6480380154568656,
  "labels_jaccard": 0.6848542458808619,
  "openness_accuracy": 0.6920152091254753,
  "openness_f1": 0.6779103764154041,
  "openness_precision_macro": 0.6999917769708931,
  "openness_precision_micro": 0.6920152091254753,
  "openness_recall_macro": 0.7070729442232593,
  "openness_recall_micro": 0.6920152091254753,
  "num_samples": 263
}