{
  "labels_micro_f1": 0.803840877914952,
  "labels_macro_f1": 0.6404414083880493,
  "labels_jaccard": 0.694169835234474,
  "openness_accuracy": 0.7376425855513308,
  "openness_f1": 0.7402963200583709,
  "openness_precision_macro": 0.7723489723489724,
  "openness_precision_micro": 0.7376425855513308,
  "openness_recall_macro": 0.7392669543538318,
  "openness_recall_micro": 0.7376425855513308,
  "num_samples": 263
}