{
  "labels_micro_f1": 0.7873799725651578,
  "labels_macro_f1": 0.6623552177699937,
  "labels_jaccard": 0.6555314140865472,
  "openness_accuracy": 0.7034220532319392,
  "openness_f1": 0.6979656322329082,
  "openness_precision_macro": 0.7103404183230412,
  "openness_precision_micro": 0.7034220532319392,
  "openness_recall_macro": 0.724784747306961,
  "openness_recall_micro": 0.7034220532319392,
  "num_samples": 263
}