{
  "labels_micro_f1": 0.7238912732474965,
  "labels_macro_f1": 0.5695536389661591,
  "labels_jaccard": 0.6122125656346189,
  "openness_accuracy": 0.6045627376425855,
  "openness_f1": 0.6089504230911891,
  "openness_precision_macro": 0.6090110034521624,
  "openness_precision_micro": 0.6045627376425855,
  "openness_recall_macro": 0.6095387923584196,
  "openness_recall_micro": 0.6045627376425855,
  "num_samples": 263
}