{
  "labels_micro_f1": 0.7783505154639175,
  "labels_macro_f1": 0.6560737643845612,
  "labels_jaccard": 0.6969491218540648,
  "openness_accuracy": 0.7110266159695817,
  "openness_f1": 0.7131093670071669,
  "openness_precision_macro": 0.7327896704043493,
  "openness_precision_micro": 0.7110266159695817,
  "openness_recall_macro": 0.7131882007247842,
  "openness_recall_micro": 0.7110266159695817,
  "num_samples": 263
}