{
  "labels_micro_f1": 0.8121546961325967,
  "labels_macro_f1": 0.6445308224234473,
  "labels_jaccard": 0.7154173456454825,
  "openness_accuracy": 0.6958174904942965,
  "openness_f1": 0.6916386845094069,
  "openness_precision_macro": 0.6844130057086125,
  "openness_precision_micro": 0.6958174904942965,
  "openness_recall_macro": 0.7153502488699051,
  "openness_recall_micro": 0.6958174904942965,
  "num_samples": 263
}