{
  "labels_micro_f1": 0.821954484605087,
  "labels_macro_f1": 0.6907526821213793,
  "labels_jaccard": 0.7242712294043093,
  "openness_accuracy": 0.7262357414448669,
  "openness_f1": 0.716575661303626,
  "openness_precision_macro": 0.7243055311265113,
  "openness_precision_micro": 0.7262357414448669,
  "openness_recall_macro": 0.7441998224659653,
  "openness_recall_micro": 0.7262357414448669,
  "num_samples": 263
}