{
  "labels_micro_f1": 0.7751724137931034,
  "labels_macro_f1": 0.597470555831515,
  "labels_jaccard": 0.6759188846641317,
  "openness_accuracy": 0.6958174904942965,
  "openness_f1": 0.6952907453666783,
  "openness_precision_macro": 0.7249962897228373,
  "openness_precision_micro": 0.6958174904942965,
  "openness_recall_macro": 0.6889404499286641,
  "openness_recall_micro": 0.6958174904942965,
  "num_samples": 263
}