{
  "labels_micro_f1": 0.7761194029850746,
  "labels_macro_f1": 0.6195514820822469,
  "labels_jaccard": 0.692748506246605,
  "openness_accuracy": 0.7262357414448669,
  "openness_f1": 0.724183637334679,
  "openness_precision_macro": 0.7509705833683379,
  "openness_precision_micro": 0.7262357414448669,
  "openness_recall_macro": 0.7199415250935276,
  "openness_recall_micro": 0.7262357414448669,
  "num_samples": 263
}