{
  "labels_micro_f1": 0.7935222672064778,
  "labels_macro_f1": 0.6447724470807707,
  "labels_jaccard": 0.6783269961977186,
  "openness_accuracy": 0.6920152091254753,
  "openness_f1": 0.6873153841565053,
  "openness_precision_macro": 0.7021469045859289,
  "openness_precision_micro": 0.6920152091254753,
  "openness_recall_macro": 0.7119138227530666,
  "openness_recall_micro": 0.6920152091254753,
  "num_samples": 263
}