{
  "labels_micro_f1": 0.345489443378119,
  "labels_macro_f1": 0.27240710649551886,
  "labels_jaccard": 0.1605830164765526,
  "openness_accuracy": 0.5437262357414449,
  "openness_f1": 0.5239284054256512,
  "openness_precision_macro": 0.5805931135272452,
  "openness_precision_micro": 0.5437262357414449,
  "openness_recall_macro": 0.49003084873572916,
  "openness_recall_micro": 0.5437262357414449,
  "num_samples": 263
}