{
  "labels_micro_f1": 0.7785419532324622,
  "labels_macro_f1": 0.6011884715010704,
  "labels_jaccard": 0.650253485424588,
  "openness_accuracy": 0.7034220532319392,
  "openness_f1": 0.6987347662928581,
  "openness_precision_macro": 0.7509241139378124,
  "openness_precision_micro": 0.7034220532319392,
  "openness_recall_macro": 0.7049841361914555,
  "openness_recall_micro": 0.7034220532319392,
  "num_samples": 263
}