{
  "labels_micro_f1": 0.7587131367292225,
  "labels_macro_f1": 0.6066305076950248,
  "labels_jaccard": 0.6868640231758102,
  "openness_accuracy": 0.6349809885931559,
  "openness_f1": 0.628208291599241,
  "openness_precision_macro": 0.6602194102194102,
  "openness_precision_micro": 0.6349809885931559,
  "openness_recall_macro": 0.6111852301057881,
  "openness_recall_micro": 0.6349809885931559,
  "num_samples": 263
}