{
  "labels_micro_f1": 0.8233695652173914,
  "labels_macro_f1": 0.6635246469788356,
  "labels_jaccard": 0.7371989860583016,
  "openness_accuracy": 0.7034220532319392,
  "openness_f1": 0.6946923112162015,
  "openness_precision_macro": 0.7269814072555558,
  "openness_precision_micro": 0.7034220532319392,
  "openness_recall_macro": 0.7075457823948345,
  "openness_recall_micro": 0.7034220532319392,
  "num_samples": 263
}