{
  "labels_micro_f1": 0.821954484605087,
  "labels_macro_f1": 0.6796021754195146,
  "labels_jaccard": 0.7239543726235741,
  "openness_accuracy": 0.714828897338403,
  "openness_f1": 0.7087412016845493,
  "openness_precision_macro": 0.7115565408796504,
  "openness_precision_micro": 0.714828897338403,
  "openness_recall_macro": 0.733480399480874,
  "openness_recall_micro": 0.714828897338403,
  "num_samples": 263
}