{
  "labels_micro_f1": 0.7627551020408163,
  "labels_macro_f1": 0.597437967652669,
  "labels_jaccard": 0.6935361216730037,
  "openness_accuracy": 0.6539923954372624,
  "openness_f1": 0.6472388943007679,
  "openness_precision_macro": 0.6505094591357293,
  "openness_precision_micro": 0.6539923954372624,
  "openness_recall_macro": 0.6651514752023624,
  "openness_recall_micro": 0.6539923954372624,
  "num_samples": 263
}