{
  "labels_micro_f1": 0.7112375533428165,
  "labels_macro_f1": 0.5452268335127736,
  "labels_jaccard": 0.605151185949665,
  "openness_accuracy": 0.6045627376425855,
  "openness_f1": 0.5838786797273389,
  "openness_precision_macro": 0.585255368150105,
  "openness_precision_micro": 0.6045627376425855,
  "openness_recall_macro": 0.6230395818868412,
  "openness_recall_micro": 0.6045627376425855,
  "num_samples": 263
}