{
  "labels_micro_f1": 0.7910863509749304,
  "labels_macro_f1": 0.6472735921707555,
  "labels_jaccard": 0.6687850805721528,
  "openness_accuracy": 0.6768060836501901,
  "openness_f1": 0.659541456990896,
  "openness_precision_macro": 0.7116239316239316,
  "openness_precision_micro": 0.6768060836501901,
  "openness_recall_macro": 0.6891519673759238,
  "openness_recall_micro": 0.6768060836501901,
  "num_samples": 263
}