{
  "labels_micro_f1": 0.7780821917808219,
  "labels_macro_f1": 0.6312436345961456,
  "labels_jaccard": 0.6842839036755387,
  "openness_accuracy": 0.6996197718631179,
  "openness_f1": 0.6869754259963385,
  "openness_precision_macro": 0.7410138248847926,
  "openness_precision_micro": 0.6996197718631179,
  "openness_recall_macro": 0.7019578547091928,
  "openness_recall_micro": 0.6996197718631179,
  "num_samples": 263
}