{
  "labels_micro_f1": 0.7904509283819628,
  "labels_macro_f1": 0.6465975319706613,
  "labels_jaccard": 0.6825366648560566,
  "openness_accuracy": 0.6806083650190115,
  "openness_f1": 0.6604400812256928,
  "openness_precision_macro": 0.6883233573025884,
  "openness_precision_micro": 0.6806083650190115,
  "openness_recall_macro": 0.6993253120761228,
  "openness_recall_micro": 0.6806083650190115,
  "num_samples": 263
}