{
  "labels_micro_f1": 0.796812749003984,
  "labels_macro_f1": 0.6707663065137601,
  "labels_jaccard": 0.6709940249864205,
  "openness_accuracy": 0.6958174904942965,
  "openness_f1": 0.6940577377839736,
  "openness_precision_macro": 0.6904071773636992,
  "openness_precision_micro": 0.6958174904942965,
  "openness_recall_macro": 0.7227527736030913,
  "openness_recall_micro": 0.6958174904942965,
  "num_samples": 263
}