{
  "labels_micro_f1": 0.8175765645805593,
  "labels_macro_f1": 0.6775571649380898,
  "labels_jaccard": 0.7216730038022814,
  "openness_accuracy": 0.7110266159695817,
  "openness_f1": 0.6917822481853936,
  "openness_precision_macro": 0.7138538544788545,
  "openness_precision_micro": 0.7110266159695817,
  "openness_recall_macro": 0.7277647410376074,
  "openness_recall_micro": 0.7110266159695817,
  "num_samples": 263
}