{
  "labels_micro_f1": 0.7547169811320755,
  "labels_macro_f1": 0.6189074710682483,
  "labels_jaccard": 0.688900959623393,
  "openness_accuracy": 0.6615969581749049,
  "openness_f1": 0.6617841217071305,
  "openness_precision_macro": 0.6518435378575921,
  "openness_precision_micro": 0.6615969581749049,
  "openness_recall_macro": 0.6690525365980847,
  "openness_recall_micro": 0.6615969581749049,
  "num_samples": 263
}