{
  "labels_micro_f1": 0.7983978638184246,
  "labels_macro_f1": 0.6465623222540615,
  "labels_jaccard": 0.7125384754662322,
  "openness_accuracy": 0.7110266159695817,
  "openness_f1": 0.7044776167947607,
  "openness_precision_macro": 0.7124015235220669,
  "openness_precision_micro": 0.7110266159695817,
  "openness_recall_macro": 0.7378566427317975,
  "openness_recall_micro": 0.7110266159695817,
  "num_samples": 263
}