{
  "labels_micro_f1": 0.4864864864864865,
  "labels_macro_f1": 0.395777342037251,
  "labels_jaccard": 0.40262250423847384,
  "openness_accuracy": 0.4714828897338403,
  "openness_f1": 0.34206642786264624,
  "openness_precision_macro": 0.6799509060717638,
  "openness_precision_micro": 0.4714828897338403,
  "openness_recall_macro": 0.39996953211286007,
  "openness_recall_micro": 0.4714828897338403,
  "num_samples": 263
}