{
  "labels_micro_f1": 0.7721518987341772,
  "labels_macro_f1": 0.626535744064575,
  "labels_jaccard": 0.7078580481622307,
  "openness_accuracy": 0.6920152091254753,
  "openness_f1": 0.6903599021737401,
  "openness_precision_macro": 0.716737348035058,
  "openness_precision_micro": 0.6920152091254753,
  "openness_recall_macro": 0.6849661484196249,
  "openness_recall_micro": 0.6920152091254753,
  "num_samples": 263
}