{
  "labels_micro_f1": 0.808,
  "labels_macro_f1": 0.6456213360119297,
  "labels_jaccard": 0.7272134709397066,
  "openness_accuracy": 0.6996197718631179,
  "openness_f1": 0.6850776240398907,
  "openness_precision_macro": 0.7172049098278607,
  "openness_precision_micro": 0.6996197718631179,
  "openness_recall_macro": 0.709232648684754,
  "openness_recall_micro": 0.6996197718631179,
  "num_samples": 263
}