{
  "labels_micro_f1": 0.8139223560910308,
  "labels_macro_f1": 0.6753764341408838,
  "labels_jaccard": 0.7178707224334602,
  "openness_accuracy": 0.6958174904942965,
  "openness_f1": 0.6874306647168077,
  "openness_precision_macro": 0.6866752090461157,
  "openness_precision_micro": 0.6958174904942965,
  "openness_recall_macro": 0.7199356658844622,
  "openness_recall_micro": 0.6958174904942965,
  "num_samples": 263
}