{
  "labels_micro_f1": 0.6813793103448276,
  "labels_macro_f1": 0.5057752878232666,
  "labels_jaccard": 0.6244749230490675,
  "openness_accuracy": 0.5665399239543726,
  "openness_f1": 0.5707416682076244,
  "openness_precision_macro": 0.5708646616541354,
  "openness_precision_micro": 0.5665399239543726,
  "openness_recall_macro": 0.5726128849866557,
  "openness_recall_micro": 0.5665399239543726,
  "num_samples": 263
}