{
  "labels_micro_f1": 0.7908232118758435,
  "labels_macro_f1": 0.6383152459387081,
  "labels_jaccard": 0.6792685134890458,
  "openness_accuracy": 0.7338403041825095,
  "openness_f1": 0.7322312260832751,
  "openness_precision_macro": 0.7623522042126694,
  "openness_precision_micro": 0.7338403041825095,
  "openness_recall_macro": 0.7366508175061449,
  "openness_recall_micro": 0.7338403041825095,
  "num_samples": 263
}