{
  "labels_micro_f1": 0.8255659121171771,
  "labels_macro_f1": 0.6842504034456424,
  "labels_jaccard": 0.7372623574144486,
  "openness_accuracy": 0.7072243346007605,
  "openness_f1": 0.6990603386432103,
  "openness_precision_macro": 0.7406487232574189,
  "openness_precision_micro": 0.7072243346007605,
  "openness_recall_macro": 0.7104443331194722,
  "openness_recall_micro": 0.7072243346007605,
  "num_samples": 263
}