{
  "labels_micro_f1": 0.5362776025236593,
  "labels_macro_f1": 0.3898679834494794,
  "labels_jaccard": 0.48840304182509503,
  "openness_accuracy": 0.3916349809885932,
  "openness_f1": 0.27814048385416695,
  "openness_precision_macro": 0.2938548304401963,
  "openness_precision_micro": 0.3916349809885932,
  "openness_recall_macro": 0.41904184354154034,
  "openness_recall_micro": 0.3916349809885932,
  "num_samples": 263
}