{
  "labels_micro_f1": 0.7538860103626943,
  "labels_macro_f1": 0.6046676652381001,
  "labels_jaccard": 0.6927666123483613,
  "openness_accuracy": 0.6615969581749049,
  "openness_f1": 0.6542801815552545,
  "openness_precision_macro": 0.6616009396711151,
  "openness_precision_micro": 0.6615969581749049,
  "openness_recall_macro": 0.6605742610804968,
  "openness_recall_micro": 0.6615969581749049,
  "num_samples": 263
}