{
  "labels_micro_f1": 0.8010540184453228,
  "labels_macro_f1": 0.6777934063555281,
  "labels_jaccard": 0.6929838855694369,
  "openness_accuracy": 0.6920152091254753,
  "openness_f1": 0.6886198274542747,
  "openness_precision_macro": 0.6895126046914276,
  "openness_precision_micro": 0.6920152091254753,
  "openness_recall_macro": 0.7265911414618141,
  "openness_recall_micro": 0.6920152091254753,
  "num_samples": 263
}