{
  "labels_micro_f1": 0.7469553450608931,
  "labels_macro_f1": 0.6016917683057598,
  "labels_jaccard": 0.6736375158428392,
  "openness_accuracy": 0.6273764258555133,
  "openness_f1": 0.6262640247846714,
  "openness_precision_macro": 0.6740102171136654,
  "openness_precision_micro": 0.6273764258555133,
  "openness_recall_macro": 0.5962172946273983,
  "openness_recall_micro": 0.6273764258555133,
  "num_samples": 263
}