{
  "micro_f1": 0.8137755102040817,
  "macro_f1": 0.6929062407963281,
  "jaccard": 0.7716096324461343,
  "hamming_loss": 0.046261089987325726,
  "exact_match": 0.6387832699619772,
  "none_precision": 0.5238095238095238,
  "none_recall": 0.5789473684210527,
  "none_f1": 0.55,
  "num_samples": 263,
  "num_labels": 12,
  "class_f1_scores": {
    "客观标准|个人在当地的出生和成长经历": {
      "precision": 0.85,
      "recall": 0.8717948717948718,
      "f1": 0.8607594936708861
    },
    "客观标准|个人在当地的当前居住状态": {
      "precision": 0.5,
      "recall": 0.38461538461538464,
      "f1": 0.43478260869565216
    },
    "客观标准|个人或家族在当地的资产与权益": {
      "precision": 0.9130434782608695,
      "recall": 0.875,
      "f1": 0.8936170212765957
    },
    "客观标准|个人的法律与行政认定": {
      "precision": 0.8225806451612904,
      "recall": 0.85,
      "f1": 0.8360655737704918
    },
    "客观标准|城市内部地理片区归属": {
      "precision": 0.7222222222222222,
      "recall": 0.8666666666666667,
      "f1": 0.7878787878787878
    },
    "客观标准|家族在当地的历史传承": {
      "precision": 0.9090909090909091,
      "recall": 0.8421052631578947,
      "f1": 0.8743169398907104
    },
    "未提及任何标准": {
      "precision": 0.5238095238095238,
      "recall": 0.5789473684210527,
      "f1": 0.55
    },
    "社会文化与心理标准|个人的归属感": {
      "precision": 0.6875,
      "recall": 0.6111111111111112,
      "f1": 0.6470588235294118
    },
    "社会文化与心理标准|个人的文化实践与知识": {
      "precision": 0.7352941176470589,
      "recall": 0.7575757575757576,
      "f1": 0.746268656716418
    },
    "社会文化与心理标准|个人的语言能力": {
      "precision": 0.96875,
      "recall": 1.0,
      "f1": 0.9841269841269841
    },
    "社会文化与心理标准|个人被社群接纳": {
      "precision": 0.3333333333333333,
      "recall": 0.14285714285714285,
      "f1": 0.2
    },
    "社会文化与心理标准|个人认定": {
      "precision": 0.7142857142857143,
      "recall": 0.38461538461538464,
      "f1": 0.5
    }
  },
  "tone_classes": [
    "中性",
    "宽容开放",
    "紧缩排斥"
  ],
  "tone_accuracy": 0.7186311787072244,
  "tone_macro_f1": 0.721264568594484,
  "tone_micro_f1": 0.7186311787072244,
  "tone_macro_precision": 0.7285387157167684,
  "tone_micro_precision": 0.7186311787072244,
  "tone_macro_recall": 0.7342274486367085,
  "tone_micro_recall": 0.7186311787072244,
  "tone_num_samples": 263
}