{
  "micro_f1": 0.7793190416141236,
  "macro_f1": 0.65828022630156,
  "jaccard": 0.7288973384030418,
  "hamming_loss": 0.05544993662864385,
  "exact_match": 0.5779467680608364,
  "none_precision": 0.6363636363636364,
  "none_recall": 0.3684210526315789,
  "none_f1": 0.4666666666666667,
  "num_samples": 263,
  "num_labels": 12,
  "class_f1_scores": {
    "客观标准|个人在当地的出生和成长经历": {
      "precision": 0.868421052631579,
      "recall": 0.8461538461538461,
      "f1": 0.8571428571428571
    },
    "客观标准|个人在当地的当前居住状态": {
      "precision": 0.75,
      "recall": 0.23076923076923078,
      "f1": 0.35294117647058826
    },
    "客观标准|个人或家族在当地的资产与权益": {
      "precision": 0.7419354838709677,
      "recall": 0.9583333333333334,
      "f1": 0.8363636363636363
    },
    "客观标准|个人的法律与行政认定": {
      "precision": 0.7777777777777778,
      "recall": 0.8166666666666667,
      "f1": 0.7967479674796748
    },
    "客观标准|城市内部地理片区归属": {
      "precision": 0.6666666666666666,
      "recall": 0.9333333333333333,
      "f1": 0.7777777777777778
    },
    "客观标准|家族在当地的历史传承": {
      "precision": 0.8695652173913043,
      "recall": 0.8421052631578947,
      "f1": 0.8556149732620321
    },
    "未提及任何标准": {
      "precision": 0.6363636363636364,
      "recall": 0.3684210526315789,
      "f1": 0.4666666666666667
    },
    "社会文化与心理标准|个人的归属感": {
      "precision": 0.75,
      "recall": 0.5,
      "f1": 0.6
    },
    "社会文化与心理标准|个人的文化实践与知识": {
      "precision": 0.9090909090909091,
      "recall": 0.6060606060606061,
      "f1": 0.7272727272727273
    },
    "社会文化与心理标准|个人的语言能力": {
      "precision": 0.8857142857142857,
      "recall": 1.0,
      "f1": 0.9393939393939394
    },
    "社会文化与心理标准|个人被社群接纳": {
      "precision": 0.1875,
      "recall": 0.42857142857142855,
      "f1": 0.2608695652173913
    },
    "社会文化与心理标准|个人认定": {
      "precision": 0.4,
      "recall": 0.46153846153846156,
      "f1": 0.42857142857142855
    }
  },
  "tone_classes": [
    "中性",
    "宽容开放",
    "紧缩排斥"
  ],
  "tone_accuracy": 0.6844106463878327,
  "tone_macro_f1": 0.693317111836163,
  "tone_micro_f1": 0.6844106463878327,
  "tone_macro_precision": 0.6957671957671958,
  "tone_micro_precision": 0.6844106463878327,
  "tone_macro_recall": 0.7034273443427872,
  "tone_micro_recall": 0.6844106463878327,
  "tone_num_samples": 263
}