{
  "micro_f1": 0.7219251336898396,
  "macro_f1": 0.5999857971113093,
  "jaccard": 0.6847275031685678,
  "hamming_loss": 0.06590621039290241,
  "exact_match": 0.5399239543726235,
  "none_precision": 0.7,
  "none_recall": 0.3684210526315789,
  "none_f1": 0.4827586206896552,
  "num_samples": 263,
  "num_labels": 12,
  "class_f1_scores": {
    "客观标准|个人在当地的出生和成长经历": {
      "precision": 0.8518518518518519,
      "recall": 0.5897435897435898,
      "f1": 0.696969696969697
    },
    "客观标准|个人在当地的当前居住状态": {
      "precision": 0.6,
      "recall": 0.23076923076923078,
      "f1": 0.3333333333333333
    },
    "客观标准|个人或家族在当地的资产与权益": {
      "precision": 0.8,
      "recall": 0.8333333333333334,
      "f1": 0.8163265306122449
    },
    "客观标准|个人的法律与行政认定": {
      "precision": 0.7419354838709677,
      "recall": 0.7666666666666667,
      "f1": 0.7540983606557377
    },
    "客观标准|城市内部地理片区归属": {
      "precision": 0.65,
      "recall": 0.8666666666666667,
      "f1": 0.7428571428571429
    },
    "客观标准|家族在当地的历史传承": {
      "precision": 0.872093023255814,
      "recall": 0.7894736842105263,
      "f1": 0.8287292817679558
    },
    "未提及任何标准": {
      "precision": 0.7,
      "recall": 0.3684210526315789,
      "f1": 0.4827586206896552
    },
    "社会文化与心理标准|个人的归属感": {
      "precision": 0.6666666666666666,
      "recall": 0.4444444444444444,
      "f1": 0.5333333333333333
    },
    "社会文化与心理标准|个人的文化实践与知识": {
      "precision": 0.8095238095238095,
      "recall": 0.5151515151515151,
      "f1": 0.6296296296296297
    },
    "社会文化与心理标准|个人的语言能力": {
      "precision": 0.8833333333333333,
      "recall": 0.8548387096774194,
      "f1": 0.8688524590163934
    },
    "社会文化与心理标准|个人被社群接纳": {
      "precision": 0.1111111111111111,
      "recall": 0.2857142857142857,
      "f1": 0.16
    },
    "社会文化与心理标准|个人认定": {
      "precision": 0.75,
      "recall": 0.23076923076923078,
      "f1": 0.35294117647058826
    }
  },
  "tone_classes": [
    "中性",
    "宽容开放",
    "紧缩排斥"
  ],
  "tone_accuracy": 0.3155893536121673,
  "tone_macro_f1": 0.289506200393912,
  "tone_micro_f1": 0.3155893536121673,
  "tone_macro_precision": 0.640707671957672,
  "tone_micro_precision": 0.3155893536121673,
  "tone_macro_recall": 0.43200358583594806,
  "tone_micro_recall": 0.3155893536121673,
  "tone_num_samples": 263
}