{
  "micro_f1": 0.7323943661971831,
  "macro_f1": 0.5826551140257489,
  "jaccard": 0.7017110266159696,
  "hamming_loss": 0.060202788339670466,
  "exact_match": 0.5665399239543726,
  "none_precision": 1.0,
  "none_recall": 0.15789473684210525,
  "none_f1": 0.2727272727272727,
  "num_samples": 263,
  "num_labels": 12,
  "class_f1_scores": {
    "客观标准|个人在当地的出生和成长经历": {
      "precision": 0.9259259259259259,
      "recall": 0.6410256410256411,
      "f1": 0.7575757575757576
    },
    "客观标准|个人在当地的当前居住状态": {
      "precision": 0.36363636363636365,
      "recall": 0.3076923076923077,
      "f1": 0.3333333333333333
    },
    "客观标准|个人或家族在当地的资产与权益": {
      "precision": 0.7272727272727273,
      "recall": 0.6666666666666666,
      "f1": 0.6956521739130435
    },
    "客观标准|个人的法律与行政认定": {
      "precision": 0.8571428571428571,
      "recall": 0.8,
      "f1": 0.8275862068965517
    },
    "客观标准|城市内部地理片区归属": {
      "precision": 0.7333333333333333,
      "recall": 0.7333333333333333,
      "f1": 0.7333333333333333
    },
    "客观标准|家族在当地的历史传承": {
      "precision": 0.8795180722891566,
      "recall": 0.7684210526315789,
      "f1": 0.8202247191011236
    },
    "未提及任何标准": {
      "precision": 1.0,
      "recall": 0.15789473684210525,
      "f1": 0.2727272727272727
    },
    "社会文化与心理标准|个人的归属感": {
      "precision": 0.8571428571428571,
      "recall": 0.3333333333333333,
      "f1": 0.48
    },
    "社会文化与心理标准|个人的文化实践与知识": {
      "precision": 0.6956521739130435,
      "recall": 0.48484848484848486,
      "f1": 0.5714285714285714
    },
    "社会文化与心理标准|个人的语言能力": {
      "precision": 0.9310344827586207,
      "recall": 0.8709677419354839,
      "f1": 0.9
    },
    "社会文化与心理标准|个人被社群接纳": {
      "precision": 0.4,
      "recall": 0.2857142857142857,
      "f1": 0.3333333333333333
    },
    "社会文化与心理标准|个人认定": {
      "precision": 1.0,
      "recall": 0.15384615384615385,
      "f1": 0.26666666666666666
    }
  },
  "tone_classes": [
    "中性",
    "宽容开放",
    "紧缩排斥"
  ],
  "tone_accuracy": 0.19391634980988592,
  "tone_macro_f1": 0.10828025477707005,
  "tone_micro_f1": 0.19391634980988592,
  "tone_macro_precision": 0.06463878326996197,
  "tone_micro_precision": 0.19391634980988592,
  "tone_macro_recall": 0.3333333333333333,
  "tone_micro_recall": 0.19391634980988592,
  "tone_num_samples": 263
}