{
  "micro_f1": 0.7402234636871509,
  "macro_f1": 0.5894227837558569,
  "jaccard": 0.7161596958174905,
  "hamming_loss": 0.058935361216730035,
  "exact_match": 0.596958174904943,
  "none_precision": 1.0,
  "none_recall": 0.21052631578947367,
  "none_f1": 0.34782608695652173,
  "num_samples": 263,
  "num_labels": 12,
  "class_f1_scores": {
    "客观标准|个人在当地的出生和成长经历": {
      "precision": 0.8928571428571429,
      "recall": 0.6410256410256411,
      "f1": 0.746268656716418
    },
    "客观标准|个人在当地的当前居住状态": {
      "precision": 0.5,
      "recall": 0.23076923076923078,
      "f1": 0.3157894736842105
    },
    "客观标准|个人或家族在当地的资产与权益": {
      "precision": 0.8333333333333334,
      "recall": 0.8333333333333334,
      "f1": 0.8333333333333334
    },
    "客观标准|个人的法律与行政认定": {
      "precision": 0.8421052631578947,
      "recall": 0.8,
      "f1": 0.8205128205128205
    },
    "客观标准|城市内部地理片区归属": {
      "precision": 0.7058823529411765,
      "recall": 0.8,
      "f1": 0.75
    },
    "客观标准|家族在当地的历史传承": {
      "precision": 0.935064935064935,
      "recall": 0.7578947368421053,
      "f1": 0.8372093023255814
    },
    "未提及任何标准": {
      "precision": 1.0,
      "recall": 0.21052631578947367,
      "f1": 0.34782608695652173
    },
    "社会文化与心理标准|个人的归属感": {
      "precision": 0.5833333333333334,
      "recall": 0.3888888888888889,
      "f1": 0.4666666666666667
    },
    "社会文化与心理标准|个人的文化实践与知识": {
      "precision": 0.8125,
      "recall": 0.3939393939393939,
      "f1": 0.5306122448979592
    },
    "社会文化与心理标准|个人的语言能力": {
      "precision": 0.9180327868852459,
      "recall": 0.9032258064516129,
      "f1": 0.9105691056910569
    },
    "社会文化与心理标准|个人被社群接纳": {
      "precision": 0.125,
      "recall": 0.14285714285714285,
      "f1": 0.13333333333333333
    },
    "社会文化与心理标准|个人认定": {
      "precision": 0.5,
      "recall": 0.3076923076923077,
      "f1": 0.38095238095238093
    }
  },
  "tone_classes": [
    "中性",
    "宽容开放",
    "紧缩排斥"
  ],
  "tone_accuracy": 0.19391634980988592,
  "tone_macro_f1": 0.10828025477707005,
  "tone_micro_f1": 0.19391634980988592,
  "tone_macro_precision": 0.06463878326996197,
  "tone_micro_precision": 0.19391634980988592,
  "tone_macro_recall": 0.3333333333333333,
  "tone_micro_recall": 0.19391634980988592,
  "tone_num_samples": 263
}