{
  "micro_f1": 0.057488653555219364,
  "macro_f1": 0.011229314420803783,
  "jaccard": 0.07224334600760456,
  "hamming_loss": 0.19740177439797213,
  "exact_match": 0.07224334600760456,
  "none_precision": 0.07224334600760456,
  "none_recall": 1.0,
  "none_f1": 0.1347517730496454,
  "num_samples": 263,
  "num_labels": 12,
  "class_f1_scores": {
    "客观标准|个人在当地的出生和成长经历": {
      "precision": 0.0,
      "recall": 0.0,
      "f1": 0.0
    },
    "客观标准|个人在当地的当前居住状态": {
      "precision": 0.0,
      "recall": 0.0,
      "f1": 0.0
    },
    "客观标准|个人或家族在当地的资产与权益": {
      "precision": 0.0,
      "recall": 0.0,
      "f1": 0.0
    },
    "客观标准|个人的法律与行政认定": {
      "precision": 0.0,
      "recall": 0.0,
      "f1": 0.0
    },
    "客观标准|城市内部地理片区归属": {
      "precision": 0.0,
      "recall": 0.0,
      "f1": 0.0
    },
    "客观标准|家族在当地的历史传承": {
      "precision": 0.0,
      "recall": 0.0,
      "f1": 0.0
    },
    "未提及任何标准": {
      "precision": 0.07224334600760456,
      "recall": 1.0,
      "f1": 0.1347517730496454
    },
    "社会文化与心理标准|个人的归属感": {
      "precision": 0.0,
      "recall": 0.0,
      "f1": 0.0
    },
    "社会文化与心理标准|个人的文化实践与知识": {
      "precision": 0.0,
      "recall": 0.0,
      "f1": 0.0
    },
    "社会文化与心理标准|个人的语言能力": {
      "precision": 0.0,
      "recall": 0.0,
      "f1": 0.0
    },
    "社会文化与心理标准|个人被社群接纳": {
      "precision": 0.0,
      "recall": 0.0,
      "f1": 0.0
    },
    "社会文化与心理标准|个人认定": {
      "precision": 0.0,
      "recall": 0.0,
      "f1": 0.0
    }
  },
  "tone_classes": [
    "中性",
    "宽容开放",
    "紧缩排斥"
  ],
  "tone_accuracy": 0.0038022813688212928,
  "tone_macro_f1": 0.1111111111111111,
  "tone_micro_f1": 0.2,
  "tone_macro_precision": 0.06666666666666667,
  "tone_micro_precision": 0.2,
  "tone_macro_recall": 0.3333333333333333,
  "tone_micro_recall": 0.2,
  "tone_num_samples": 263
}